id	path	size	has_symtab	has_debug_sections	build_id	elf_type	source_group	local_path	local_build_id	status
angie_angie_O0	$WORKSPACE/baselines/SymLM/dataset_generation/xproj_debug/angie_angie_O0	3701000	1	1	329e88015892d70c80b0802a55f5311e1b03a995	DYN	SymLM/xproj_debug			MISSING_LOCAL
angie_angie_O1	$WORKSPACE/baselines/SymLM/dataset_generation/xproj_debug/angie_angie_O1	4137928	1	1	1f107d08f865cb7e91f5d1123579c877f6ace061	EXEC	SymLM/xproj_debug			MISSING_LOCAL
angie_angie_O2	$WORKSPACE/baselines/SymLM/dataset_generation/xproj_debug/angie_angie_O2	4261352	1	1	eda729b59488fd39755d47b5b34b9135fa3fee5e	EXEC	SymLM/xproj_debug			MISSING_LOCAL
angie_angie_O3	$WORKSPACE/baselines/SymLM/dataset_generation/xproj_debug/angie_angie_O3	4386656	1	1	452cab28566fcdd4da40cb68298b92eac83d48d8	EXEC	SymLM/xproj_debug			MISSING_LOCAL
angie_angie_clang_O1	$WORKSPACE/clang_o1o3/bins/angie_angie_clang_O1.debug	4135096	1	1		DYN	clang_o1o3/bins	clang_o1o3/bins/angie_angie_clang_O1.debug		LOCAL_EXISTS_NO_BUILDID(size 4135096 vs 4135096)
angie_angie_clang_O3	$WORKSPACE/clang_o1o3/bins/angie_angie_clang_O3.debug	4233016	1	1		DYN	clang_o1o3/bins	clang_o1o3/bins/angie_angie_clang_O3.debug		LOCAL_EXISTS_NO_BUILDID(size 4233016 vs 4233016)
atop_atop_O0	$WORKSPACE/data/debug/atop_atop_O0	1156928	1	1		EXEC	data/debug			MISSING_LOCAL
atop_atop_O1	$WORKSPACE/data/debug/atop_atop_O1	1156928	1	1		EXEC	data/debug			MISSING_LOCAL
atop_atop_O2	$WORKSPACE/data/debug/atop_atop_O2	1156928	1	1		EXEC	data/debug			MISSING_LOCAL
atop_atop_O3	$WORKSPACE/data/debug/atop_atop_O3	1156928	1	1		EXEC	data/debug			MISSING_LOCAL
atop_atopacctd_O0	$WORKSPACE/data/debug/atop_atopacctd_O0	61728	1	1		EXEC	data/debug			MISSING_LOCAL
atop_atopacctd_O1	$WORKSPACE/data/debug/atop_atopacctd_O1	61728	1	1		EXEC	data/debug			MISSING_LOCAL
atop_atopacctd_O2	$WORKSPACE/data/debug/atop_atopacctd_O2	61728	1	1		EXEC	data/debug			MISSING_LOCAL
atop_atopacctd_O3	$WORKSPACE/data/debug/atop_atopacctd_O3	61728	1	1		EXEC	data/debug			MISSING_LOCAL
bdb_db_archive_O0	$WORKSPACE/data/debug/bdb_db_archive_O0	13904832	1	1		EXEC	data/debug			MISSING_LOCAL
bdb_db_archive_O1	$WORKSPACE/data/debug/bdb_db_archive_O1	15379904	1	1		EXEC	data/debug			MISSING_LOCAL
bdb_db_archive_O2	$WORKSPACE/data/debug/bdb_db_archive_O2	15818840	1	1		EXEC	data/debug			MISSING_LOCAL
bdb_db_archive_O3	$WORKSPACE/data/debug/bdb_db_archive_O3	16373568	1	1		EXEC	data/debug			MISSING_LOCAL
bdb_db_checkpoint_O0	$WORKSPACE/data/debug/bdb_db_checkpoint_O0	13905456	1	1		EXEC	data/debug			MISSING_LOCAL
bdb_db_checkpoint_O1	$WORKSPACE/data/debug/bdb_db_checkpoint_O1	15381664	1	1		EXEC	data/debug			MISSING_LOCAL
bdb_db_checkpoint_O2	$WORKSPACE/data/debug/bdb_db_checkpoint_O2	15820184	1	1		EXEC	data/debug			MISSING_LOCAL
bdb_db_checkpoint_O3	$WORKSPACE/data/debug/bdb_db_checkpoint_O3	16374928	1	1		EXEC	data/debug			MISSING_LOCAL
bdb_db_dump_O0	$WORKSPACE/data/debug/bdb_db_dump_O0	13912048	1	1		EXEC	data/debug			MISSING_LOCAL
bdb_db_dump_O1	$WORKSPACE/data/debug/bdb_db_dump_O1	15392384	1	1		EXEC	data/debug			MISSING_LOCAL
bdb_db_dump_O2	$WORKSPACE/data/debug/bdb_db_dump_O2	15830648	1	1		EXEC	data/debug			MISSING_LOCAL
bdb_db_dump_O3	$WORKSPACE/data/debug/bdb_db_dump_O3	16385560	1	1		EXEC	data/debug			MISSING_LOCAL
bdb_db_hotbackup_O0	$WORKSPACE/data/debug/bdb_db_hotbackup_O0	13912368	1	1		EXEC	data/debug			MISSING_LOCAL
bdb_db_hotbackup_O1	$WORKSPACE/data/debug/bdb_db_hotbackup_O1	15396552	1	1		EXEC	data/debug			MISSING_LOCAL
bdb_db_hotbackup_O2	$WORKSPACE/data/debug/bdb_db_hotbackup_O2	15831184	1	1		EXEC	data/debug			MISSING_LOCAL
bdb_db_hotbackup_O3	$WORKSPACE/data/debug/bdb_db_hotbackup_O3	16386224	1	1		EXEC	data/debug			MISSING_LOCAL
bdb_db_load_O0	$WORKSPACE/data/debug/bdb_db_load_O0	13937584	1	1		EXEC	data/debug			MISSING_LOCAL
bdb_db_load_O1	$WORKSPACE/data/debug/bdb_db_load_O1	15429112	1	1		EXEC	data/debug			MISSING_LOCAL
bdb_db_load_O2	$WORKSPACE/data/debug/bdb_db_load_O2	15866896	1	1		EXEC	data/debug			MISSING_LOCAL
bdb_db_load_O3	$WORKSPACE/data/debug/bdb_db_load_O3	16432224	1	1		EXEC	data/debug			MISSING_LOCAL
bdb_db_printlog_O0	$WORKSPACE/data/debug/bdb_db_printlog_O0	14402072	1	1		EXEC	data/debug			MISSING_LOCAL
bdb_db_printlog_O1	$WORKSPACE/data/debug/bdb_db_printlog_O1	15904336	1	1		EXEC	data/debug			MISSING_LOCAL
bdb_db_printlog_O2	$WORKSPACE/data/debug/bdb_db_printlog_O2	16346336	1	1		EXEC	data/debug			MISSING_LOCAL
bdb_db_printlog_O3	$WORKSPACE/data/debug/bdb_db_printlog_O3	16901224	1	1		EXEC	data/debug			MISSING_LOCAL
bdb_db_recover_O0	$WORKSPACE/data/debug/bdb_db_recover_O0	13910456	1	1		EXEC	data/debug			MISSING_LOCAL
bdb_db_recover_O1	$WORKSPACE/data/debug/bdb_db_recover_O1	15383016	1	1		EXEC	data/debug			MISSING_LOCAL
bdb_db_recover_O2	$WORKSPACE/data/debug/bdb_db_recover_O2	15822184	1	1		EXEC	data/debug			MISSING_LOCAL
bdb_db_recover_O3	$WORKSPACE/data/debug/bdb_db_recover_O3	16376888	1	1		EXEC	data/debug			MISSING_LOCAL
bdb_db_replicate_O0	$WORKSPACE/data/debug/bdb_db_replicate_O0	13910832	1	1		EXEC	data/debug			MISSING_LOCAL
bdb_db_replicate_O1	$WORKSPACE/data/debug/bdb_db_replicate_O1	15389368	1	1		EXEC	data/debug			MISSING_LOCAL
bdb_db_replicate_O2	$WORKSPACE/data/debug/bdb_db_replicate_O2	15824392	1	1		EXEC	data/debug			MISSING_LOCAL
bdb_db_replicate_O3	$WORKSPACE/data/debug/bdb_db_replicate_O3	16379000	1	1		EXEC	data/debug			MISSING_LOCAL
bdb_db_stat_O0	$WORKSPACE/data/debug/bdb_db_stat_O0	13910656	1	1		EXEC	data/debug			MISSING_LOCAL
bdb_db_stat_O1	$WORKSPACE/data/debug/bdb_db_stat_O1	15388400	1	1		EXEC	data/debug			MISSING_LOCAL
bdb_db_stat_O2	$WORKSPACE/data/debug/bdb_db_stat_O2	15823424	1	1		EXEC	data/debug			MISSING_LOCAL
bdb_db_stat_O3	$WORKSPACE/data/debug/bdb_db_stat_O3	16382128	1	1		EXEC	data/debug			MISSING_LOCAL
bdb_db_verify_O0	$WORKSPACE/data/debug/bdb_db_verify_O0	13905288	1	1		EXEC	data/debug			MISSING_LOCAL
bdb_db_verify_O1	$WORKSPACE/data/debug/bdb_db_verify_O1	15381680	1	1		EXEC	data/debug			MISSING_LOCAL
bdb_db_verify_O2	$WORKSPACE/data/debug/bdb_db_verify_O2	15820392	1	1		EXEC	data/debug			MISSING_LOCAL
bdb_db_verify_O3	$WORKSPACE/data/debug/bdb_db_verify_O3	16375120	1	1		EXEC	data/debug			MISSING_LOCAL
cflow_cflow_O0	$WORKSPACE/data/raw/cflow_cflow_O0_sym	386024	1	1	0797219f3cf412a27525a50857bfecadb12a4164	DYN	data/raw	data/raw/cflow_cflow_O0_sym	0797219f3cf412a27525a50857bfecadb12a4164	LOCAL_EXISTS_SAME
cflow_cflow_O1	$WORKSPACE/data/raw/cflow_cflow_O1_sym	510168	1	1	127c9fa17883cfc5769ad72db3348a20967fcdbd	DYN	data/raw	data/raw/cflow_cflow_O1_sym	127c9fa17883cfc5769ad72db3348a20967fcdbd	LOCAL_EXISTS_SAME
cflow_cflow_O2	$WORKSPACE/data/raw/cflow_cflow_O2_sym	587152	1	1	073821944e46cdaa97a6da19ae5bb99689c875fb	DYN	data/raw	data/raw/cflow_cflow_O2_sym	073821944e46cdaa97a6da19ae5bb99689c875fb	LOCAL_EXISTS_SAME
cflow_cflow_O3	$WORKSPACE/data/raw/cflow_cflow_O3_sym	696832	1	1	98432d7a61e23bd06e9ec232ffacc16f35df960d	DYN	data/raw	data/raw/cflow_cflow_O3_sym	98432d7a61e23bd06e9ec232ffacc16f35df960d	LOCAL_EXISTS_SAME
cvs_cvs_O0	$WORKSPACE/data/cross_project/debug_unseen/cvs_cvs_O0	1946408	1	1	1f54a0ba4b2aa4ffc29e725d2e7bce2e1e87ce42	EXEC	cross_project/debug_unseen			MISSING_LOCAL
cvs_cvs_O1	$WORKSPACE/data/cross_project/debug_unseen/cvs_cvs_O1	2716248	1	1	7c74d9c284ed9ff72cebd2e263831caff134768d	EXEC	cross_project/debug_unseen			MISSING_LOCAL
cvs_cvs_O2	$WORKSPACE/data/cross_project/debug_unseen/cvs_cvs_O2	2989376	1	1	2a8e1d013d445de6393451261a61bb2ea7f4b75f	EXEC	cross_project/debug_unseen			MISSING_LOCAL
cvs_cvs_O3	$WORKSPACE/data/cross_project/debug_unseen/cvs_cvs_O3	3354288	1	1	83c153427ba21fbc70aebd5adef06bffededae6b	EXEC	cross_project/debug_unseen			MISSING_LOCAL
dash_dash_clang_O1	$WORKSPACE/clang_o1o3/bins/dash_dash_clang_O1.debug	413160	1	1		DYN	clang_o1o3/bins	clang_o1o3/bins/dash_dash_clang_O1.debug		LOCAL_EXISTS_NO_BUILDID(size 413160 vs 413160)
dash_dash_clang_O3	$WORKSPACE/clang_o1o3/bins/dash_dash_clang_O3.debug	457472	1	1		DYN	clang_o1o3/bins	clang_o1o3/bins/dash_dash_clang_O3.debug		LOCAL_EXISTS_NO_BUILDID(size 457472 vs 457472)
diffutils_cmp	$WORKSPACE/demo/raw/diffutils_cmp_sym	220248	1	1	3aa76f635b32d2c5978a3bd4fb796129b0c5764e	DYN	demo/raw	demo/raw/diffutils_cmp_sym	3aa76f635b32d2c5978a3bd4fb796129b0c5764e	LOCAL_EXISTS_SAME
diffutils_cmp_O0	$WORKSPACE/data/raw/diffutils_cmp_O0	155848	1	1		EXEC	data/raw			MISSING_LOCAL
diffutils_cmp_O1	$WORKSPACE/data/raw/diffutils_cmp_O1	190832	1	1		EXEC	data/raw			MISSING_LOCAL
diffutils_cmp_O2	$WORKSPACE/data/raw/diffutils_cmp_O2	205488	1	1		EXEC	data/raw			MISSING_LOCAL
diffutils_cmp_O3	$WORKSPACE/data/raw/diffutils_cmp_O3	224472	1	1		EXEC	data/raw			MISSING_LOCAL
diffutils_diff	$WORKSPACE/demo/raw/diffutils_diff_sym	658456	1	1	e1e66e4db9a9f24b82b18dd68adea3d6e87bafe7	DYN	demo/raw	demo/raw/diffutils_diff_sym	e1e66e4db9a9f24b82b18dd68adea3d6e87bafe7	LOCAL_EXISTS_SAME
diffutils_diff3	$WORKSPACE/demo/raw/diffutils_diff3_sym	296656	1	1	c332f26780af9ffa5811c14b419b0bcb0bd1cd8e	DYN	demo/raw	demo/raw/diffutils_diff3_sym	c332f26780af9ffa5811c14b419b0bcb0bd1cd8e	LOCAL_EXISTS_SAME
diffutils_diff3_O0	$WORKSPACE/data/raw/diffutils_diff3_O0	189224	1	1		EXEC	data/raw			MISSING_LOCAL
diffutils_diff3_O1	$WORKSPACE/data/raw/diffutils_diff3_O1	245168	1	1		EXEC	data/raw			MISSING_LOCAL
diffutils_diff3_O2	$WORKSPACE/data/raw/diffutils_diff3_O2	278648	1	1		EXEC	data/raw			MISSING_LOCAL
diffutils_diff3_O3	$WORKSPACE/data/raw/diffutils_diff3_O3	335992	1	1		EXEC	data/raw			MISSING_LOCAL
diffutils_diff_O0	$WORKSPACE/data/raw/diffutils_diff_O0	417200	1	1		EXEC	data/raw			MISSING_LOCAL
diffutils_diff_O1	$WORKSPACE/data/raw/diffutils_diff_O1	542336	1	1		EXEC	data/raw			MISSING_LOCAL
diffutils_diff_O2	$WORKSPACE/data/raw/diffutils_diff_O2	607720	1	1		EXEC	data/raw			MISSING_LOCAL
diffutils_diff_O3	$WORKSPACE/data/raw/diffutils_diff_O3	701888	1	1		EXEC	data/raw			MISSING_LOCAL
diffutils_sdiff	$WORKSPACE/demo/raw/diffutils_sdiff_sym	242632	1	1	2502abc48cf77424d7f76de41959f7da1ecbf2b1	DYN	demo/raw	demo/raw/diffutils_sdiff_sym	2502abc48cf77424d7f76de41959f7da1ecbf2b1	LOCAL_EXISTS_SAME
diffutils_sdiff_O0	$WORKSPACE/data/raw/diffutils_sdiff_O0	167672	1	1		EXEC	data/raw			MISSING_LOCAL
diffutils_sdiff_O1	$WORKSPACE/data/raw/diffutils_sdiff_O1	197664	1	1		EXEC	data/raw			MISSING_LOCAL
diffutils_sdiff_O2	$WORKSPACE/data/raw/diffutils_sdiff_O2	225824	1	1		EXEC	data/raw			MISSING_LOCAL
diffutils_sdiff_O3	$WORKSPACE/data/raw/diffutils_sdiff_O3	245672	1	1		EXEC	data/raw			MISSING_LOCAL
findutils2_find_O0	$WORKSPACE/data/raw/findutils2_find_O0	839192	1	1	ccab27de9c94ad3cda27cb4611c97bf2db27c5c7	EXEC	data/raw			MISSING_LOCAL
findutils2_find_O1	$WORKSPACE/data/raw/findutils2_find_O1	1094296	1	1	b9647ae627c8da782851cbbfcf78ee1fa91f8513	EXEC	data/raw			MISSING_LOCAL
findutils2_find_O2	$WORKSPACE/data/raw/findutils2_find_O2	1240232	1	1	d4469e2067ed301eae32d8bf1abce82d2c5e7477	EXEC	data/raw			MISSING_LOCAL
findutils2_find_O3	$WORKSPACE/data/raw/findutils2_find_O3	1521344	1	1	bb4a8395885c2fee31c6a9f49cb7dfdae0444dda	EXEC	data/raw			MISSING_LOCAL
findutils2_xargs_O0	$WORKSPACE/data/raw/findutils2_xargs_O0	198736	1	1	634dde95a56473227ac2d0ec931e4ddf459b45e1	EXEC	data/raw			MISSING_LOCAL
findutils2_xargs_O1	$WORKSPACE/data/raw/findutils2_xargs_O1	248680	1	1	733d35399f86cdcebaf4b6109f6a4b3385a8d870	EXEC	data/raw			MISSING_LOCAL
findutils2_xargs_O2	$WORKSPACE/data/raw/findutils2_xargs_O2	283112	1	1	bac2bf5f89a3ed02ddd83f93fe6cea377a5931a2	EXEC	data/raw			MISSING_LOCAL
findutils2_xargs_O3	$WORKSPACE/data/raw/findutils2_xargs_O3	329392	1	1	18eb3dba1a3ff512a90e63d17d167899eeb7649b	EXEC	data/raw			MISSING_LOCAL
fossil_fossil_O0	$WORKSPACE/data/cross_project/debug_unseen/fossil_fossil_O0	9155616	1	1	bf02306b3669797c0e5fdcd8f811996d762c118a	EXEC	cross_project/debug_unseen			MISSING_LOCAL
fossil_fossil_O1	$WORKSPACE/data/cross_project/debug_unseen/fossil_fossil_O1	13037072	1	1	3ab983a5c79c76d31ccd3bbfbe08462ee2256797	EXEC	cross_project/debug_unseen			MISSING_LOCAL
fossil_fossil_O2	$WORKSPACE/data/cross_project/debug_unseen/fossil_fossil_O2	16654520	1	1	d77be070bffb0b37470383bb9b4eaa24b5567c82	EXEC	cross_project/debug_unseen			MISSING_LOCAL
fossil_fossil_O3	$WORKSPACE/data/cross_project/debug_unseen/fossil_fossil_O3	19796032	1	1	73b0a5f17afd6fc5cbfbf4068905e522db0f770d	EXEC	cross_project/debug_unseen			MISSING_LOCAL
gawk2_gawk_O0	$WORKSPACE/data/raw/gawk2_gawk_O0	1468760	1	1		EXEC	data/raw			MISSING_LOCAL
gawk2_gawk_O1	$WORKSPACE/data/raw/gawk2_gawk_O1	2332904	1	1		EXEC	data/raw			MISSING_LOCAL
gawk2_gawk_O2	$WORKSPACE/data/raw/gawk2_gawk_O2	2685464	1	1		EXEC	data/raw			MISSING_LOCAL
gawk2_gawk_O3	$WORKSPACE/data/raw/gawk2_gawk_O3	3000208	1	1		EXEC	data/raw			MISSING_LOCAL
gdbm_gdbm_dump_O0	$WORKSPACE/data/debug/gdbm_gdbm_dump_O0	72176	1	1		EXEC	data/debug			MISSING_LOCAL
gdbm_gdbm_dump_O1	$WORKSPACE/data/debug/gdbm_gdbm_dump_O1	85080	1	1		EXEC	data/debug			MISSING_LOCAL
gdbm_gdbm_dump_O2	$WORKSPACE/data/debug/gdbm_gdbm_dump_O2	88992	1	1		EXEC	data/debug			MISSING_LOCAL
gdbm_gdbm_dump_O3	$WORKSPACE/data/debug/gdbm_gdbm_dump_O3	92120	1	1		EXEC	data/debug			MISSING_LOCAL
gdbm_gdbm_load_O0	$WORKSPACE/data/debug/gdbm_gdbm_load_O0	75256	1	1		EXEC	data/debug			MISSING_LOCAL
gdbm_gdbm_load_O1	$WORKSPACE/data/debug/gdbm_gdbm_load_O1	90224	1	1		EXEC	data/debug			MISSING_LOCAL
gdbm_gdbm_load_O2	$WORKSPACE/data/debug/gdbm_gdbm_load_O2	98464	1	1		EXEC	data/debug			MISSING_LOCAL
gdbm_gdbm_load_O3	$WORKSPACE/data/debug/gdbm_gdbm_load_O3	101696	1	1		EXEC	data/debug			MISSING_LOCAL
gdbm_gdbmtool_O0	$WORKSPACE/data/debug/gdbm_gdbmtool_O0	299536	1	1		EXEC	data/debug			MISSING_LOCAL
gdbm_gdbmtool_O1	$WORKSPACE/data/debug/gdbm_gdbmtool_O1	371080	1	1		EXEC	data/debug			MISSING_LOCAL
gdbm_gdbmtool_O2	$WORKSPACE/data/debug/gdbm_gdbmtool_O2	418160	1	1		EXEC	data/debug			MISSING_LOCAL
gdbm_gdbmtool_O3	$WORKSPACE/data/debug/gdbm_gdbmtool_O3	447976	1	1		EXEC	data/debug			MISSING_LOCAL
gettext_msgfmt_clang_O1	$WORKSPACE/clang_o1o3/bins/gettext_msgfmt_clang_O1.debug	1587968	1	1		DYN	clang_o1o3/bins	clang_o1o3/bins/gettext_msgfmt_clang_O1.debug		LOCAL_EXISTS_NO_BUILDID(size 1587968 vs 1587968)
gettext_msgfmt_clang_O3	$WORKSPACE/clang_o1o3/bins/gettext_msgfmt_clang_O3.debug	1650192	1	1		DYN	clang_o1o3/bins	clang_o1o3/bins/gettext_msgfmt_clang_O3.debug		LOCAL_EXISTS_NO_BUILDID(size 1650192 vs 1650192)
gettext_msgmerge_clang_O1	$WORKSPACE/clang_o1o3/bins/gettext_msgmerge_clang_O1.debug	2140576	1	1		DYN	clang_o1o3/bins	clang_o1o3/bins/gettext_msgmerge_clang_O1.debug		LOCAL_EXISTS_NO_BUILDID(size 2140576 vs 2140576)
gettext_msgmerge_clang_O3	$WORKSPACE/clang_o1o3/bins/gettext_msgmerge_clang_O3.debug	2229552	1	1		DYN	clang_o1o3/bins	clang_o1o3/bins/gettext_msgmerge_clang_O3.debug		LOCAL_EXISTS_NO_BUILDID(size 2229552 vs 2229552)
gettext_xgettext_clang_O1	$WORKSPACE/clang_o1o3/bins/gettext_xgettext_clang_O1.debug	3793648	1	1		DYN	clang_o1o3/bins	clang_o1o3/bins/gettext_xgettext_clang_O1.debug		LOCAL_EXISTS_NO_BUILDID(size 3793648 vs 3793648)
gettext_xgettext_clang_O3	$WORKSPACE/clang_o1o3/bins/gettext_xgettext_clang_O3.debug	3921824	1	1		DYN	clang_o1o3/bins	clang_o1o3/bins/gettext_xgettext_clang_O3.debug		LOCAL_EXISTS_NO_BUILDID(size 3921824 vs 3921824)
grep2_grep_O0	$WORKSPACE/data/raw/grep2_grep_O0	458056	1	1	35b17764437dcef6df66a878975fdea3b0348f5c	EXEC	data/raw			MISSING_LOCAL
grep2_grep_O1	$WORKSPACE/data/raw/grep2_grep_O1	573544	1	1	de3c1fb3c7babe6b033cbb994f3bce0c5041fd85	EXEC	data/raw			MISSING_LOCAL
grep2_grep_O2	$WORKSPACE/data/raw/grep2_grep_O2	726104	1	1	7d3138675454d8cd6f0cbf86e87a585a71f5d7ea	EXEC	data/raw			MISSING_LOCAL
grep2_grep_O3	$WORKSPACE/data/raw/grep2_grep_O3	868920	1	1	b116ec75daa9c4048e8d90d973639f60adca04ba	EXEC	data/raw			MISSING_LOCAL
gzip2_gzip_O0	$WORKSPACE/data/raw/gzip2_gzip_O0	195288	1	1	d3cfd54828e4252684b61475e2f3249ff78ca0c0	EXEC	data/raw			MISSING_LOCAL
gzip2_gzip_O1	$WORKSPACE/data/raw/gzip2_gzip_O1	259960	1	1	f87f6919a3641c1b57c76cbcc85c36378ed23a07	EXEC	data/raw			MISSING_LOCAL
gzip2_gzip_O2	$WORKSPACE/data/raw/gzip2_gzip_O2	285792	1	1	5d291f199ee46135c14ea15bfffb7f794400f65f	EXEC	data/raw			MISSING_LOCAL
gzip2_gzip_O3	$WORKSPACE/data/raw/gzip2_gzip_O3	343528	1	1	a3dc397bda5eb0ff332619b1508983ea31be6247	EXEC	data/raw			MISSING_LOCAL
icu_derb_O0	$WORKSPACE/data/debug/icu_derb_O0	18116392	1	1		EXEC	data/debug			MISSING_LOCAL
icu_derb_O1	$WORKSPACE/data/debug/icu_derb_O1	24191192	1	1		EXEC	data/debug			MISSING_LOCAL
icu_derb_O2	$WORKSPACE/data/debug/icu_derb_O2	27076832	1	1		EXEC	data/debug			MISSING_LOCAL
icu_derb_O3	$WORKSPACE/data/debug/icu_derb_O3	30498904	1	1		EXEC	data/debug			MISSING_LOCAL
icu_genbrk_O0	$WORKSPACE/data/debug/icu_genbrk_O0	6235688	1	1		EXEC	data/debug			MISSING_LOCAL
icu_genbrk_O1	$WORKSPACE/data/debug/icu_genbrk_O1	7798640	1	1		EXEC	data/debug			MISSING_LOCAL
icu_genbrk_O2	$WORKSPACE/data/debug/icu_genbrk_O2	8652288	1	1		EXEC	data/debug			MISSING_LOCAL
icu_genbrk_O3	$WORKSPACE/data/debug/icu_genbrk_O3	9878648	1	1		EXEC	data/debug			MISSING_LOCAL
icu_gencfu_O0	$WORKSPACE/data/debug/icu_gencfu_O0	6425944	1	1		EXEC	data/debug			MISSING_LOCAL
icu_gencfu_O1	$WORKSPACE/data/debug/icu_gencfu_O1	8220440	1	1		EXEC	data/debug			MISSING_LOCAL
icu_gencfu_O2	$WORKSPACE/data/debug/icu_gencfu_O2	9197960	1	1		EXEC	data/debug			MISSING_LOCAL
icu_gencfu_O3	$WORKSPACE/data/debug/icu_gencfu_O3	10399464	1	1		EXEC	data/debug			MISSING_LOCAL
icu_gencnval_O0	$WORKSPACE/data/debug/icu_gencnval_O0	644216	1	1		EXEC	data/debug			MISSING_LOCAL
icu_gencnval_O1	$WORKSPACE/data/debug/icu_gencnval_O1	788344	1	1		EXEC	data/debug			MISSING_LOCAL
icu_gencnval_O2	$WORKSPACE/data/debug/icu_gencnval_O2	843856	1	1		EXEC	data/debug			MISSING_LOCAL
icu_gencnval_O3	$WORKSPACE/data/debug/icu_gencnval_O3	951416	1	1		EXEC	data/debug			MISSING_LOCAL
icu_gennorm2_O0	$WORKSPACE/data/debug/icu_gennorm2_O0	1355280	1	1		EXEC	data/debug			MISSING_LOCAL
icu_gennorm2_O1	$WORKSPACE/data/debug/icu_gennorm2_O1	1830360	1	1		EXEC	data/debug			MISSING_LOCAL
icu_gennorm2_O2	$WORKSPACE/data/debug/icu_gennorm2_O2	2008496	1	1		EXEC	data/debug			MISSING_LOCAL
icu_gennorm2_O3	$WORKSPACE/data/debug/icu_gennorm2_O3	2435320	1	1		EXEC	data/debug			MISSING_LOCAL
icu_genrb_O0	$WORKSPACE/data/debug/icu_genrb_O0	17997912	1	1		EXEC	data/debug			MISSING_LOCAL
icu_genrb_O1	$WORKSPACE/data/debug/icu_genrb_O1	24900080	1	1		EXEC	data/debug			MISSING_LOCAL
icu_genrb_O2	$WORKSPACE/data/debug/icu_genrb_O2	27894312	1	1		EXEC	data/debug			MISSING_LOCAL
icu_genrb_O3	$WORKSPACE/data/debug/icu_genrb_O3	31368232	1	1		EXEC	data/debug			MISSING_LOCAL
icu_gensprep_O0	$WORKSPACE/data/debug/icu_gensprep_O0	546656	1	1		EXEC	data/debug			MISSING_LOCAL
icu_gensprep_O1	$WORKSPACE/data/debug/icu_gensprep_O1	637880	1	1		EXEC	data/debug			MISSING_LOCAL
icu_gensprep_O2	$WORKSPACE/data/debug/icu_gensprep_O2	677584	1	1		EXEC	data/debug			MISSING_LOCAL
icu_gensprep_O3	$WORKSPACE/data/debug/icu_gensprep_O3	776584	1	1		EXEC	data/debug			MISSING_LOCAL
icu_icuinfo_O0	$WORKSPACE/data/debug/icu_icuinfo_O0	13528488	1	1		EXEC	data/debug			MISSING_LOCAL
icu_icuinfo_O1	$WORKSPACE/data/debug/icu_icuinfo_O1	19093584	1	1		EXEC	data/debug			MISSING_LOCAL
icu_icuinfo_O2	$WORKSPACE/data/debug/icu_icuinfo_O2	21469040	1	1		EXEC	data/debug			MISSING_LOCAL
icu_icuinfo_O3	$WORKSPACE/data/debug/icu_icuinfo_O3	24272696	1	1		EXEC	data/debug			MISSING_LOCAL
icu_icupkg_O0	$WORKSPACE/data/debug/icu_icupkg_O0	3846160	1	1		EXEC	data/debug			MISSING_LOCAL
icu_icupkg_O1	$WORKSPACE/data/debug/icu_icupkg_O1	5453624	1	1		EXEC	data/debug			MISSING_LOCAL
icu_icupkg_O2	$WORKSPACE/data/debug/icu_icupkg_O2	6061512	1	1		EXEC	data/debug			MISSING_LOCAL
icu_icupkg_O3	$WORKSPACE/data/debug/icu_icupkg_O3	7045880	1	1		EXEC	data/debug			MISSING_LOCAL
icu_makeconv_O0	$WORKSPACE/data/debug/icu_makeconv_O0	764680	1	1		EXEC	data/debug			MISSING_LOCAL
icu_makeconv_O1	$WORKSPACE/data/debug/icu_makeconv_O1	921200	1	1		EXEC	data/debug			MISSING_LOCAL
icu_makeconv_O2	$WORKSPACE/data/debug/icu_makeconv_O2	970832	1	1		EXEC	data/debug			MISSING_LOCAL
icu_makeconv_O3	$WORKSPACE/data/debug/icu_makeconv_O3	1190048	1	1		EXEC	data/debug			MISSING_LOCAL
icu_pkgdata_O0	$WORKSPACE/data/debug/icu_pkgdata_O0	4059776	1	1		EXEC	data/debug			MISSING_LOCAL
icu_pkgdata_O1	$WORKSPACE/data/debug/icu_pkgdata_O1	5708584	1	1		EXEC	data/debug			MISSING_LOCAL
icu_pkgdata_O2	$WORKSPACE/data/debug/icu_pkgdata_O2	6328040	1	1		EXEC	data/debug			MISSING_LOCAL
icu_pkgdata_O3	$WORKSPACE/data/debug/icu_pkgdata_O3	7313016	1	1		EXEC	data/debug			MISSING_LOCAL
iotop_iotop_O0	$WORKSPACE/data/debug/iotop_iotop_O0	268680	1	1		DYN	data/debug			MISSING_LOCAL
iotop_iotop_O1	$WORKSPACE/data/debug/iotop_iotop_O1	410416	1	1		DYN	data/debug			MISSING_LOCAL
iotop_iotop_O2	$WORKSPACE/data/debug/iotop_iotop_O2	423984	1	1		DYN	data/debug			MISSING_LOCAL
iotop_iotop_O3	$WORKSPACE/data/debug/iotop_iotop_O3	530176	1	1		DYN	data/debug			MISSING_LOCAL
libxml2_xmlcatalog_O0	$WORKSPACE/data/debug/libxml2_xmlcatalog_O0	2980128	1	1		EXEC	data/debug			MISSING_LOCAL
libxml2_xmlcatalog_O1	$WORKSPACE/data/debug/libxml2_xmlcatalog_O1	3919104	1	1		EXEC	data/debug			MISSING_LOCAL
libxml2_xmlcatalog_O2	$WORKSPACE/data/debug/libxml2_xmlcatalog_O2	4444824	1	1		EXEC	data/debug			MISSING_LOCAL
libxml2_xmlcatalog_O3	$WORKSPACE/data/debug/libxml2_xmlcatalog_O3	5546384	1	1		EXEC	data/debug			MISSING_LOCAL
libxml2_xmllint_O0	$WORKSPACE/data/debug/libxml2_xmllint_O0	3144184	1	1		EXEC	data/debug			MISSING_LOCAL
libxml2_xmllint_O1	$WORKSPACE/data/debug/libxml2_xmllint_O1	4140240	1	1		EXEC	data/debug	data/raw/libxml2_xmllint_O1_sym	ab28b5e9fb7b978406c478077add19bfe69f5631	LOCAL_EXISTS_NO_BUILDID(size 4140240 vs 221128)
libxml2_xmllint_O2	$WORKSPACE/data/debug/libxml2_xmllint_O2	4687896	1	1		EXEC	data/debug			MISSING_LOCAL
libxml2_xmllint_O3	$WORKSPACE/data/debug/libxml2_xmllint_O3	5821120	1	1		EXEC	data/debug	data/raw/libxml2_xmllint_O3_sym	d2f99a5d53cbcaa96dae5c9c928df62e91e7cd19	LOCAL_EXISTS_NO_BUILDID(size 5821120 vs 241072)
lighttpd_lighttpd_O0	$WORKSPACE/data/cross_project/debug_unseen/lighttpd_lighttpd_O0	1187752	1	1	a906d4c4bcabd2d4e09e3adcde6e3ab7a04da01d	EXEC	cross_project/debug_unseen			MISSING_LOCAL
lighttpd_lighttpd_O1	$WORKSPACE/data/cross_project/debug_unseen/lighttpd_lighttpd_O1	1472680	1	1	7ff0f85adefacab16743ed0d9fa4baf0c94305e6	EXEC	cross_project/debug_unseen			MISSING_LOCAL
lighttpd_lighttpd_O2	$WORKSPACE/data/cross_project/debug_unseen/lighttpd_lighttpd_O2	1599144	1	1	b6e8d8b3203dfe1249ca8479816eb439ce3761ca	EXEC	cross_project/debug_unseen			MISSING_LOCAL
lighttpd_lighttpd_O3	$WORKSPACE/data/cross_project/debug_unseen/lighttpd_lighttpd_O3	1788464	1	1	66a2b41321f123120b3be9e4a8231b9c4b54006a	EXEC	cross_project/debug_unseen			MISSING_LOCAL
lsof_lsof_O0	$WORKSPACE/data/debug/lsof_lsof_O0	537928	1	1		EXEC	data/debug			MISSING_LOCAL
lsof_lsof_O1	$WORKSPACE/data/debug/lsof_lsof_O1	673392	1	1		EXEC	data/debug			MISSING_LOCAL
lsof_lsof_O2	$WORKSPACE/data/debug/lsof_lsof_O2	725040	1	1		EXEC	data/debug			MISSING_LOCAL
lsof_lsof_O3	$WORKSPACE/data/debug/lsof_lsof_O3	766576	1	1		EXEC	data/debug			MISSING_LOCAL
mksh_mksh_O0	$WORKSPACE/data/debug/mksh_mksh_O0	717328	1	1		EXEC	data/debug			MISSING_LOCAL
mksh_mksh_O1	$WORKSPACE/data/debug/mksh_mksh_O1	960928	1	1		EXEC	data/debug			MISSING_LOCAL
mksh_mksh_O2	$WORKSPACE/data/debug/mksh_mksh_O2	1115432	1	1		EXEC	data/debug			MISSING_LOCAL
mksh_mksh_O3	$WORKSPACE/data/debug/mksh_mksh_O3	1298592	1	1		EXEC	data/debug			MISSING_LOCAL
mutt_mutt_O0	$WORKSPACE/data/debug/mutt_mutt_O0	2074488	1	1		EXEC	data/debug			MISSING_LOCAL
mutt_mutt_O1	$WORKSPACE/data/debug/mutt_mutt_O1	2622360	1	1		EXEC	data/debug			MISSING_LOCAL
mutt_mutt_O2	$WORKSPACE/data/debug/mutt_mutt_O2	2784400	1	1		EXEC	data/debug			MISSING_LOCAL
mutt_mutt_O3	$WORKSPACE/data/debug/mutt_mutt_O3	3166264	1	1		EXEC	data/debug			MISSING_LOCAL
mutt_mutt_dotlock_O0	$WORKSPACE/data/debug/mutt_mutt_dotlock_O0	27608	1	1		EXEC	data/debug			MISSING_LOCAL
mutt_mutt_dotlock_O1	$WORKSPACE/data/debug/mutt_mutt_dotlock_O1	32544	1	1		EXEC	data/debug			MISSING_LOCAL
mutt_mutt_dotlock_O2	$WORKSPACE/data/debug/mutt_mutt_dotlock_O2	32896	1	1		EXEC	data/debug			MISSING_LOCAL
mutt_mutt_dotlock_O3	$WORKSPACE/data/debug/mutt_mutt_dotlock_O3	32896	1	1		EXEC	data/debug			MISSING_LOCAL
nginx114_nginx114_O0	$WORKSPACE/baselines/SymLM/dataset_generation/xproj_debug/nginx114_nginx114_O0	3193264	1	1	207ba4de0728e05df95a9b87fc43b1dbd082c9ea	EXEC	SymLM/xproj_debug			MISSING_LOCAL
nginx114_nginx114_O2	$WORKSPACE/baselines/SymLM/dataset_generation/xproj_debug/nginx114_nginx114_O2	3737792	1	1	86f4b07b984cc2e21d28956180c6af0895bbb101	EXEC	SymLM/xproj_debug			MISSING_LOCAL
nginx118_nginx118_O0	$WORKSPACE/baselines/SymLM/dataset_generation/xproj_debug/nginx118_nginx118_O0	3285776	1	1	3694319c9e8096569c0cb4812b3b4c09f2ec017d	EXEC	SymLM/xproj_debug			MISSING_LOCAL
nginx118_nginx118_O1	$WORKSPACE/baselines/SymLM/dataset_generation/xproj_debug/nginx118_nginx118_O1	3732784	1	1	ba9fb2a6428b05f9ee1269ca2bcbafa39ebdab29	EXEC	SymLM/xproj_debug			MISSING_LOCAL
nginx118_nginx118_O2	$WORKSPACE/baselines/SymLM/dataset_generation/xproj_debug/nginx118_nginx118_O2	3833992	1	1	19be64d8318f45b381a479861f29c5f529892d9f	EXEC	SymLM/xproj_debug			MISSING_LOCAL
nginx118_nginx118_O3	$WORKSPACE/baselines/SymLM/dataset_generation/xproj_debug/nginx118_nginx118_O3	3962472	1	1	7a7f147324d225da91479a5717c4cbca8b981c23	EXEC	SymLM/xproj_debug			MISSING_LOCAL
nginx118_nginx_clang_O1	$WORKSPACE/clang_o1o3/bins/nginx118_nginx_clang_O1.debug	3659064	1	1		DYN	clang_o1o3/bins	clang_o1o3/bins/nginx118_nginx_clang_O1.debug		LOCAL_EXISTS_NO_BUILDID(size 3659064 vs 3659064)
nginx118_nginx_clang_O3	$WORKSPACE/clang_o1o3/bins/nginx118_nginx_clang_O3.debug	3756456	1	1		DYN	clang_o1o3/bins	clang_o1o3/bins/nginx118_nginx_clang_O3.debug		LOCAL_EXISTS_NO_BUILDID(size 3756456 vs 3756456)
nginx126_nginx126_O0	$WORKSPACE/baselines/SymLM/dataset_generation/xproj_debug/nginx126_nginx126_O0	3371920	1	1	922ad728fe9587e7a2488a0b5eda7aac0bcd581b	EXEC	SymLM/xproj_debug			MISSING_LOCAL
nginx126_nginx126_O2	$WORKSPACE/baselines/SymLM/dataset_generation/xproj_debug/nginx126_nginx126_O2	3934488	1	1	472303ea95e80fc107aa5a07547bc9301cb4a553	EXEC	SymLM/xproj_debug			MISSING_LOCAL
openresty_nginx_O0	$WORKSPACE/baselines/SymLM/dataset_generation/xproj_debug/openresty_nginx_O0	8901520	1	1	ac10e9b1247b961425c29454b4cd388688254abc	EXEC	SymLM/xproj_debug			MISSING_LOCAL
openresty_nginx_O1	$WORKSPACE/baselines/SymLM/dataset_generation/xproj_debug/openresty_nginx_O1	10125456	1	1	94179428b2708cc6e37f35a834274a19ef94eb1b	EXEC	SymLM/xproj_debug			MISSING_LOCAL
openresty_nginx_O2	$WORKSPACE/baselines/SymLM/dataset_generation/xproj_debug/openresty_nginx_O2	10358136	1	1	ffd0cc0c2877705618259a2a13e647b8c75f28e4	EXEC	SymLM/xproj_debug			MISSING_LOCAL
openresty_nginx_O3	$WORKSPACE/baselines/SymLM/dataset_generation/xproj_debug/openresty_nginx_O3	10637864	1	1	1df0a64411630a33459ffadb324b6beab65d7a7f	EXEC	SymLM/xproj_debug			MISSING_LOCAL
openssl_openssl_O0	$WORKSPACE/data/raw/openssl_openssl_O0	16225296	1	1		EXEC	data/raw	data/raw/openssl_openssl_O0	4d4eab666a6fbc5acb4c2d5d02a7cb9bb06b4d00	LOCAL_EXISTS_NO_BUILDID(size 16225296 vs 16998184)
openssl_openssl_O1	$WORKSPACE/data/raw/openssl_openssl_O1	21181976	1	1		EXEC	data/raw	data/raw/openssl_openssl_O1	64f342953f2103b7a8526b9ffd241e09d7b66076	LOCAL_EXISTS_NO_BUILDID(size 21181976 vs 22104080)
openssl_openssl_O2	$WORKSPACE/data/raw/openssl_openssl_O2	22100136	1	1		EXEC	data/raw	data/raw/openssl_openssl_O2	50c9e61d1ad6f7320564325d875c0b9f49bab07e	LOCAL_EXISTS_NO_BUILDID(size 22100136 vs 23351088)
openssl_openssl_O3	$WORKSPACE/data/raw/openssl_openssl_O3	23685664	1	1		EXEC	data/raw	data/raw/openssl_openssl_O3	adbfe350e86addbf2beacb87e18e45efe9dcf109	LOCAL_EXISTS_NO_BUILDID(size 23685664 vs 24902744)
patch2_patch_O0	$WORKSPACE/data/raw/patch2_patch_O0	387128	1	1	7cf4e580c6caafd2ecd6b0fa5e83f886fbf2f373	EXEC	data/raw			MISSING_LOCAL
patch2_patch_O1	$WORKSPACE/data/raw/patch2_patch_O1	487808	1	1	fcab3d19d423bbbea5ba8e2075f30bad934ac0dd	EXEC	data/raw			MISSING_LOCAL
patch2_patch_O2	$WORKSPACE/data/raw/patch2_patch_O2	547168	1	1	707fbac4e57d12805f6f35537d4ff5ebdb77c0d1	EXEC	data/raw			MISSING_LOCAL
patch2_patch_O3	$WORKSPACE/data/raw/patch2_patch_O3	620448	1	1	0ca7faad5d1ec53d8ead257fff458f16fb780cc6	EXEC	data/raw			MISSING_LOCAL
patch_patch	$WORKSPACE/demo/raw/patch_patch_sym	741416	1	1	8af836f2a68e2333f4ed3ae0cdee20f06dcc8110	DYN	demo/raw	data/raw/patch_patch_sym	fd6fc0ea4eda96583101eb261d44dcdd0bb85670	LOCAL_EXISTS_DIFF_BUILDID
procps_kill_O0	$WORKSPACE/data/debug/procps_kill_O0	36416	1	1		EXEC	data/debug			MISSING_LOCAL
procps_kill_O1	$WORKSPACE/data/debug/procps_kill_O1	44992	1	1		EXEC	data/debug			MISSING_LOCAL
procps_kill_O2	$WORKSPACE/data/debug/procps_kill_O2	45728	1	1		EXEC	data/debug			MISSING_LOCAL
procps_kill_O3	$WORKSPACE/data/debug/procps_kill_O3	47824	1	1		EXEC	data/debug			MISSING_LOCAL
procps_sysctl_O0	$WORKSPACE/data/debug/procps_sysctl_O0	64224	1	1		EXEC	data/debug			MISSING_LOCAL
procps_sysctl_O1	$WORKSPACE/data/debug/procps_sysctl_O1	81608	1	1		EXEC	data/debug			MISSING_LOCAL
procps_sysctl_O2	$WORKSPACE/data/debug/procps_sysctl_O2	83952	1	1		EXEC	data/debug			MISSING_LOCAL
procps_sysctl_O3	$WORKSPACE/data/debug/procps_sysctl_O3	85368	1	1		EXEC	data/debug			MISSING_LOCAL
psmisc_killall_clang_O1	$WORKSPACE/clang_o1o3/bins/psmisc_killall_clang_O1.debug	74752	1	1		DYN	clang_o1o3/bins	clang_o1o3/bins/psmisc_killall_clang_O1.debug		LOCAL_EXISTS_NO_BUILDID(size 74752 vs 74752)
psmisc_killall_clang_O3	$WORKSPACE/clang_o1o3/bins/psmisc_killall_clang_O3.debug	76184	1	1		DYN	clang_o1o3/bins	clang_o1o3/bins/psmisc_killall_clang_O3.debug		LOCAL_EXISTS_NO_BUILDID(size 76184 vs 76184)
psmisc_peekfd_clang_O1	$WORKSPACE/clang_o1o3/bins/psmisc_peekfd_clang_O1.debug	31088	1	1		DYN	clang_o1o3/bins	clang_o1o3/bins/psmisc_peekfd_clang_O1.debug		LOCAL_EXISTS_NO_BUILDID(size 31088 vs 31088)
psmisc_peekfd_clang_O3	$WORKSPACE/clang_o1o3/bins/psmisc_peekfd_clang_O3.debug	31328	1	1		DYN	clang_o1o3/bins	clang_o1o3/bins/psmisc_peekfd_clang_O3.debug		LOCAL_EXISTS_NO_BUILDID(size 31328 vs 31328)
psmisc_prtstat_clang_O1	$WORKSPACE/clang_o1o3/bins/psmisc_prtstat_clang_O1.debug	42056	1	1		DYN	clang_o1o3/bins	clang_o1o3/bins/psmisc_prtstat_clang_O1.debug		LOCAL_EXISTS_NO_BUILDID(size 42056 vs 42056)
psmisc_prtstat_clang_O3	$WORKSPACE/clang_o1o3/bins/psmisc_prtstat_clang_O3.debug	42184	1	1		DYN	clang_o1o3/bins	clang_o1o3/bins/psmisc_prtstat_clang_O3.debug		LOCAL_EXISTS_NO_BUILDID(size 42184 vs 42184)
psmisc_pstree_clang_O1	$WORKSPACE/clang_o1o3/bins/psmisc_pstree_clang_O1.debug	94928	1	1		DYN	clang_o1o3/bins	clang_o1o3/bins/psmisc_pstree_clang_O1.debug		LOCAL_EXISTS_NO_BUILDID(size 94928 vs 94928)
psmisc_pstree_clang_O3	$WORKSPACE/clang_o1o3/bins/psmisc_pstree_clang_O3.debug	104408	1	1		DYN	clang_o1o3/bins	clang_o1o3/bins/psmisc_pstree_clang_O3.debug		LOCAL_EXISTS_NO_BUILDID(size 104408 vs 104408)
recutils_recdel_O0	$WORKSPACE/baselines/SymLM/dataset_generation/xproj_debug/recutils_recdel_O0	148608	1	1	72211e387bd0fd65a49aa0f3e1ab1634c92605a7	EXEC	SymLM/xproj_debug	data/raw/recutils_recdel_O0_sym	42ccc1cb38eee715e052667983f6ec555c283be0	LOCAL_EXISTS_DIFF_BUILDID
recutils_recdel_O1	$WORKSPACE/baselines/SymLM/dataset_generation/xproj_debug/recutils_recdel_O1	243832	1	1	7961f8771cab1fbab67d00ad75f9861d657d6a0c	EXEC	SymLM/xproj_debug	data/raw/recutils_recdel_O1_sym	0adbb23398d061b70110abaa861a4e58d56ee476	LOCAL_EXISTS_DIFF_BUILDID
recutils_recdel_O2	$WORKSPACE/baselines/SymLM/dataset_generation/xproj_debug/recutils_recdel_O2	240408	1	1	02a9747a7ab3057a80064bbe786218a2d6380b54	EXEC	SymLM/xproj_debug	data/raw/recutils_recdel_O2_sym	78e77d437da3892420b3e4a166eea4046eccdd5e	LOCAL_EXISTS_DIFF_BUILDID
recutils_recdel_O3	$WORKSPACE/baselines/SymLM/dataset_generation/xproj_debug/recutils_recdel_O3	249944	1	1	e2ea8571808f0594786928e2b601b6140ff2ae54	EXEC	SymLM/xproj_debug	data/raw/recutils_recdel_O3_sym	be6e621e75e60e432fecfabaaf1b77b6e43a74d7	LOCAL_EXISTS_DIFF_BUILDID
recutils_recfix_O0	$WORKSPACE/baselines/SymLM/dataset_generation/xproj_debug/recutils_recfix_O0	148984	1	1	b84975d76c8fcb51decdb4c5cbf0e651faf2194f	EXEC	SymLM/xproj_debug	data/raw/recutils_recfix_O0_sym	30357190414458f6ccf4842a77c10c8b9c1fb71d	LOCAL_EXISTS_DIFF_BUILDID
recutils_recfix_O1	$WORKSPACE/baselines/SymLM/dataset_generation/xproj_debug/recutils_recfix_O1	240256	1	1	2fa728be8850ce52b5220c5209fbfe4f01d2bb25	EXEC	SymLM/xproj_debug	data/raw/recutils_recfix_O1_sym	38e91816159b6580d916152a7759684eb23f4dd5	LOCAL_EXISTS_DIFF_BUILDID
recutils_recfix_O2	$WORKSPACE/baselines/SymLM/dataset_generation/xproj_debug/recutils_recfix_O2	232752	1	1	c722bb73594fae3ae4a224174b56ec4a07fe2338	EXEC	SymLM/xproj_debug	data/raw/recutils_recfix_O2_sym	f6e7ab9ab41d81da00afc4270af25b757a7404bf	LOCAL_EXISTS_DIFF_BUILDID
recutils_recfix_O3	$WORKSPACE/baselines/SymLM/dataset_generation/xproj_debug/recutils_recfix_O3	246392	1	1	7258d8beacaa1ad3d62c9b4791733385a3c79ae3	EXEC	SymLM/xproj_debug	data/raw/recutils_recfix_O3_sym	142af29224583a1064d3b036f6aad30c9b53abf0	LOCAL_EXISTS_DIFF_BUILDID
recutils_recfix_clang_O1	$WORKSPACE/clang_o1o3/bins/recutils_recfix_clang_O1.debug	652648	1	1		DYN	clang_o1o3/bins	clang_o1o3/bins/recutils_recfix_clang_O1.debug		LOCAL_EXISTS_NO_BUILDID(size 652648 vs 652648)
recutils_recfix_clang_O3	$WORKSPACE/clang_o1o3/bins/recutils_recfix_clang_O3.debug	681800	1	1		DYN	clang_o1o3/bins	clang_o1o3/bins/recutils_recfix_clang_O3.debug		LOCAL_EXISTS_NO_BUILDID(size 681800 vs 681800)
recutils_recfmt_O0	$WORKSPACE/baselines/SymLM/dataset_generation/xproj_debug/recutils_recfmt_O0	149232	1	1	5239c387cea5f0f8271fb0caeeb3d045a32949f1	EXEC	SymLM/xproj_debug	data/raw/recutils_recfmt_O0_sym	9c0d43456a53c7dbb13cbb5608a58c8a25d5861f	LOCAL_EXISTS_DIFF_BUILDID
recutils_recfmt_O1	$WORKSPACE/baselines/SymLM/dataset_generation/xproj_debug/recutils_recfmt_O1	241016	1	1	eae5f1074f94cce2caf72c8d9547115ad66e450e	EXEC	SymLM/xproj_debug	data/raw/recutils_recfmt_O1_sym	e4ffcd621e31947e7eb18de22d353f6e9a09564c	LOCAL_EXISTS_DIFF_BUILDID
recutils_recfmt_O2	$WORKSPACE/baselines/SymLM/dataset_generation/xproj_debug/recutils_recfmt_O2	233648	1	1	051180a04ff88fc11dda44994208496702055db5	EXEC	SymLM/xproj_debug	data/raw/recutils_recfmt_O2_sym	a9898cfea8469b4dfbbfc35506b264a30a8c76bb	LOCAL_EXISTS_DIFF_BUILDID
recutils_recfmt_O3	$WORKSPACE/baselines/SymLM/dataset_generation/xproj_debug/recutils_recfmt_O3	248256	1	1	b641776eeb914fefbfd2fd625bad25d9684c65d7	EXEC	SymLM/xproj_debug	data/raw/recutils_recfmt_O3_sym	791ba25ddb3819436fdc289281f6c5a465fc327f	LOCAL_EXISTS_DIFF_BUILDID
recutils_recfmt_clang_O1	$WORKSPACE/clang_o1o3/bins/recutils_recfmt_clang_O1.debug	652496	1	1		DYN	clang_o1o3/bins	clang_o1o3/bins/recutils_recfmt_clang_O1.debug		LOCAL_EXISTS_NO_BUILDID(size 652496 vs 652496)
recutils_recfmt_clang_O3	$WORKSPACE/clang_o1o3/bins/recutils_recfmt_clang_O3.debug	677496	1	1		DYN	clang_o1o3/bins	clang_o1o3/bins/recutils_recfmt_clang_O3.debug		LOCAL_EXISTS_NO_BUILDID(size 677496 vs 677496)
recutils_recinf_O0	$WORKSPACE/baselines/SymLM/dataset_generation/xproj_debug/recutils_recinf_O0	144424	1	1	9c031cd0d18f8ac9adbff6efc4e70268afa2a9b8	EXEC	SymLM/xproj_debug	data/raw/recutils_recinf_O0_sym	1b5a4545c96a527ed24679838807ee3a8e5965f5	LOCAL_EXISTS_DIFF_BUILDID
recutils_recinf_O1	$WORKSPACE/baselines/SymLM/dataset_generation/xproj_debug/recutils_recinf_O1	243512	1	1	6b76ae109f4830ed14434a2743cd008cfeb2718a	EXEC	SymLM/xproj_debug	data/raw/recutils_recinf_O1_sym	819c3b46432a20c9f81a7ca0a7fb4fbe52ee7beb	LOCAL_EXISTS_DIFF_BUILDID
recutils_recinf_O2	$WORKSPACE/baselines/SymLM/dataset_generation/xproj_debug/recutils_recinf_O2	235920	1	1	bac8558b99d415c0b7f742462153afe061c40be9	EXEC	SymLM/xproj_debug	data/raw/recutils_recinf_O2_sym	18c73152f5064976d633dfd8e8674638483edc93	LOCAL_EXISTS_DIFF_BUILDID
recutils_recinf_O3	$WORKSPACE/baselines/SymLM/dataset_generation/xproj_debug/recutils_recinf_O3	249552	1	1	d2c389df74553c9cf0e726d75ac8d1cbe8a770ea	EXEC	SymLM/xproj_debug	data/raw/recutils_recinf_O3_sym	cdb423b5707a658e2a74c75046983a02edf00295	LOCAL_EXISTS_DIFF_BUILDID
recutils_recinf_clang_O1	$WORKSPACE/clang_o1o3/bins/recutils_recinf_clang_O1.debug	651128	1	1		DYN	clang_o1o3/bins	clang_o1o3/bins/recutils_recinf_clang_O1.debug		LOCAL_EXISTS_NO_BUILDID(size 651128 vs 651128)
recutils_recinf_clang_O3	$WORKSPACE/clang_o1o3/bins/recutils_recinf_clang_O3.debug	680208	1	1		DYN	clang_o1o3/bins	clang_o1o3/bins/recutils_recinf_clang_O3.debug		LOCAL_EXISTS_NO_BUILDID(size 680208 vs 680208)
recutils_recins_O0	$WORKSPACE/baselines/SymLM/dataset_generation/xproj_debug/recutils_recins_O0	154392	1	1	e1aabc9f83ef8d3ab052448e93708c3f1459c7f2	EXEC	SymLM/xproj_debug	data/raw/recutils_recins_O0_sym	affeb5dd7df79205abb2c68f472a84b8d69984c6	LOCAL_EXISTS_DIFF_BUILDID
recutils_recins_O1	$WORKSPACE/baselines/SymLM/dataset_generation/xproj_debug/recutils_recins_O1	250160	1	1	74d0589ccc26fc18be149a05551e6657f408e6b7	EXEC	SymLM/xproj_debug	data/raw/recutils_recins_O1_sym	8d99aa82e84b44cfccfa68b335a39a0f0b4bd33c	LOCAL_EXISTS_DIFF_BUILDID
recutils_recins_O2	$WORKSPACE/baselines/SymLM/dataset_generation/xproj_debug/recutils_recins_O2	246832	1	1	dafb060e086534a45fd43fa9c1607af91dfc66de	EXEC	SymLM/xproj_debug	data/raw/recutils_recins_O2_sym	c4f2c1a003db49f4eddd57d9c56d23ab10730284	LOCAL_EXISTS_DIFF_BUILDID
recutils_recins_O3	$WORKSPACE/baselines/SymLM/dataset_generation/xproj_debug/recutils_recins_O3	256560	1	1	d4b3c8d3f689db1584d5b5b8e0264637a50af976	EXEC	SymLM/xproj_debug	data/raw/recutils_recins_O3_sym	71cfbb3044700bba36024a5ed68f9297493759f6	LOCAL_EXISTS_DIFF_BUILDID
recutils_recsel_O0	$WORKSPACE/baselines/SymLM/dataset_generation/xproj_debug/recutils_recsel_O0	155400	1	1	c20db9ea535b5e5b216432ac1a9edea030cf50cb	EXEC	SymLM/xproj_debug	data/raw/recutils_recsel_O0_sym	800de9f55e31916022b02254b7ffe7412d9bc51b	LOCAL_EXISTS_DIFF_BUILDID
recutils_recsel_O1	$WORKSPACE/baselines/SymLM/dataset_generation/xproj_debug/recutils_recsel_O1	251616	1	1	c4bcc7076dbfb258b522fe336b6a701266e2bd44	EXEC	SymLM/xproj_debug	data/raw/recutils_recsel_O1_sym	90384542be40df1a1fc6e65a80e0b623e15ba0ac	LOCAL_EXISTS_DIFF_BUILDID
recutils_recsel_O2	$WORKSPACE/baselines/SymLM/dataset_generation/xproj_debug/recutils_recsel_O2	248424	1	1	5cccaa2400082973c3c7b9772b8c32e33908002f	EXEC	SymLM/xproj_debug	data/raw/recutils_recsel_O2_sym	2d2c40c6a72488c2f20684d486eee405a3b0921c	LOCAL_EXISTS_DIFF_BUILDID
recutils_recsel_O3	$WORKSPACE/baselines/SymLM/dataset_generation/xproj_debug/recutils_recsel_O3	257968	1	1	ca8f4ac7e4e72c438cceb113b2750b21b1a89647	EXEC	SymLM/xproj_debug	data/raw/recutils_recsel_O3_sym	beef241e71e7f4eda97a18e61e6e7ec0c9868389	LOCAL_EXISTS_DIFF_BUILDID
recutils_recsel_clang_O1	$WORKSPACE/clang_o1o3/bins/recutils_recsel_clang_O1.debug	659584	1	1		DYN	clang_o1o3/bins	clang_o1o3/bins/recutils_recsel_clang_O1.debug		LOCAL_EXISTS_NO_BUILDID(size 659584 vs 659584)
recutils_recsel_clang_O3	$WORKSPACE/clang_o1o3/bins/recutils_recsel_clang_O3.debug	688808	1	1		DYN	clang_o1o3/bins	clang_o1o3/bins/recutils_recsel_clang_O3.debug		LOCAL_EXISTS_NO_BUILDID(size 688808 vs 688808)
sed2_sed_O0	$WORKSPACE/data/raw/sed2_sed_O0	501912	1	1	566a460f2c1b33e57193289d98699792ae57f8f6	EXEC	data/raw			MISSING_LOCAL
sed2_sed_O1	$WORKSPACE/data/raw/sed2_sed_O1	685456	1	1	fa7f3183d8fbb139a4a03b70011f69be558d301d	EXEC	data/raw			MISSING_LOCAL
sed2_sed_O2	$WORKSPACE/data/raw/sed2_sed_O2	776864	1	1	31c54376d764deb406a7275178379706460e3687	EXEC	data/raw			MISSING_LOCAL
sed2_sed_O3	$WORKSPACE/data/raw/sed2_sed_O3	980648	1	1	48016998eaf713fbacdd2f53cd66ee0411e125f5	EXEC	data/raw			MISSING_LOCAL
sysstat_cifsiostat_O0	$WORKSPACE/data/debug/sysstat_cifsiostat_O0	134528	1	1		EXEC	data/debug			MISSING_LOCAL
sysstat_cifsiostat_O1	$WORKSPACE/data/debug/sysstat_cifsiostat_O1	134528	1	1		EXEC	data/debug			MISSING_LOCAL
sysstat_cifsiostat_O2	$WORKSPACE/data/debug/sysstat_cifsiostat_O2	134528	1	1		EXEC	data/debug			MISSING_LOCAL
sysstat_cifsiostat_O3	$WORKSPACE/data/debug/sysstat_cifsiostat_O3	134528	1	1		EXEC	data/debug			MISSING_LOCAL
sysstat_iostat_O0	$WORKSPACE/data/debug/sysstat_iostat_O0	189496	1	1		EXEC	data/debug			MISSING_LOCAL
sysstat_iostat_O1	$WORKSPACE/data/debug/sysstat_iostat_O1	189496	1	1		EXEC	data/debug			MISSING_LOCAL
sysstat_iostat_O2	$WORKSPACE/data/debug/sysstat_iostat_O2	189496	1	1		EXEC	data/debug			MISSING_LOCAL
sysstat_iostat_O3	$WORKSPACE/data/debug/sysstat_iostat_O3	189496	1	1		EXEC	data/debug			MISSING_LOCAL
sysstat_mpstat_O0	$WORKSPACE/data/debug/sysstat_mpstat_O0	188984	1	1		EXEC	data/debug			MISSING_LOCAL
sysstat_mpstat_O1	$WORKSPACE/data/debug/sysstat_mpstat_O1	188984	1	1		EXEC	data/debug			MISSING_LOCAL
sysstat_mpstat_O2	$WORKSPACE/data/debug/sysstat_mpstat_O2	188984	1	1		EXEC	data/debug			MISSING_LOCAL
sysstat_mpstat_O3	$WORKSPACE/data/debug/sysstat_mpstat_O3	188984	1	1		EXEC	data/debug			MISSING_LOCAL
sysstat_pidstat_O0	$WORKSPACE/data/debug/sysstat_pidstat_O0	201176	1	1		EXEC	data/debug			MISSING_LOCAL
sysstat_pidstat_O1	$WORKSPACE/data/debug/sysstat_pidstat_O1	201176	1	1		EXEC	data/debug			MISSING_LOCAL
sysstat_pidstat_O2	$WORKSPACE/data/debug/sysstat_pidstat_O2	201176	1	1		EXEC	data/debug			MISSING_LOCAL
sysstat_pidstat_O3	$WORKSPACE/data/debug/sysstat_pidstat_O3	201176	1	1		EXEC	data/debug			MISSING_LOCAL
sysstat_sadf_O0	$WORKSPACE/data/debug/sysstat_sadf_O0	1281056	1	1		EXEC	data/debug			MISSING_LOCAL
sysstat_sadf_O1	$WORKSPACE/data/debug/sysstat_sadf_O1	1281056	1	1		EXEC	data/debug			MISSING_LOCAL
sysstat_sadf_O2	$WORKSPACE/data/debug/sysstat_sadf_O2	1281056	1	1		EXEC	data/debug			MISSING_LOCAL
sysstat_sadf_O3	$WORKSPACE/data/debug/sysstat_sadf_O3	1281056	1	1		EXEC	data/debug			MISSING_LOCAL
sysstat_sar_O0	$WORKSPACE/data/debug/sysstat_sar_O0	526952	1	1		EXEC	data/debug			MISSING_LOCAL
sysstat_sar_O1	$WORKSPACE/data/debug/sysstat_sar_O1	526952	1	1		EXEC	data/debug			MISSING_LOCAL
sysstat_sar_O2	$WORKSPACE/data/debug/sysstat_sar_O2	526952	1	1		EXEC	data/debug			MISSING_LOCAL
sysstat_sar_O3	$WORKSPACE/data/debug/sysstat_sar_O3	526952	1	1		EXEC	data/debug			MISSING_LOCAL
sysstat_tapestat_O0	$WORKSPACE/data/debug/sysstat_tapestat_O0	131880	1	1		EXEC	data/debug			MISSING_LOCAL
sysstat_tapestat_O1	$WORKSPACE/data/debug/sysstat_tapestat_O1	131880	1	1		EXEC	data/debug			MISSING_LOCAL
sysstat_tapestat_O2	$WORKSPACE/data/debug/sysstat_tapestat_O2	131880	1	1		EXEC	data/debug			MISSING_LOCAL
sysstat_tapestat_O3	$WORKSPACE/data/debug/sysstat_tapestat_O3	131880	1	1		EXEC	data/debug			MISSING_LOCAL
tar2_tar_O0	$WORKSPACE/data/raw/tar2_tar_O0	1324152	1	1	a0e6eb398e1dcd4d75ba54c54be92caf4840735a	EXEC	data/raw			MISSING_LOCAL
tar2_tar_O1	$WORKSPACE/data/raw/tar2_tar_O1	1860760	1	1	5cfbee6b268b3467bdd5574e1919172d79fe312f	EXEC	data/raw			MISSING_LOCAL
tar2_tar_O2	$WORKSPACE/data/raw/tar2_tar_O2	2088792	1	1	6bef907128b2eea8cff51036c0a4e281b4d2e9fb	EXEC	data/raw			MISSING_LOCAL
tar2_tar_O3	$WORKSPACE/data/raw/tar2_tar_O3	2423424	1	1	dc9abddb9409dfeeee52ec76cdc27b2579649529	EXEC	data/raw			MISSING_LOCAL
tcsh_tcsh_O0	$WORKSPACE/data/debug/tcsh_tcsh_O0	1003856	1	1		EXEC	data/debug			MISSING_LOCAL
tcsh_tcsh_O1	$WORKSPACE/data/debug/tcsh_tcsh_O1	1324552	1	1		EXEC	data/debug			MISSING_LOCAL
tcsh_tcsh_O2	$WORKSPACE/data/debug/tcsh_tcsh_O2	1462560	1	1		EXEC	data/debug	data/cross_project/candidates/tcsh_tcsh_O2	78051804e6d9ce558065911f6770581067ca5032	LOCAL_EXISTS_NO_BUILDID(size 1462560 vs 1559336)
tcsh_tcsh_O3	$WORKSPACE/data/debug/tcsh_tcsh_O3	1707528	1	1		EXEC	data/debug			MISSING_LOCAL
tdb_tdbbackup_O0	$WORKSPACE/data/debug/tdb_tdbbackup_O0	26056	1	1		EXEC	data/debug			MISSING_LOCAL
tdb_tdbbackup_O1	$WORKSPACE/data/debug/tdb_tdbbackup_O1	31920	1	1		EXEC	data/debug			MISSING_LOCAL
tdb_tdbbackup_O2	$WORKSPACE/data/debug/tdb_tdbbackup_O2	32200	1	1		EXEC	data/debug			MISSING_LOCAL
tdb_tdbbackup_O3	$WORKSPACE/data/debug/tdb_tdbbackup_O3	32976	1	1		EXEC	data/debug			MISSING_LOCAL
tdb_tdbdump_O0	$WORKSPACE/data/debug/tdb_tdbdump_O0	23592	1	1		EXEC	data/debug			MISSING_LOCAL
tdb_tdbdump_O1	$WORKSPACE/data/debug/tdb_tdbdump_O1	26464	1	1		EXEC	data/debug			MISSING_LOCAL
tdb_tdbdump_O2	$WORKSPACE/data/debug/tdb_tdbdump_O2	27176	1	1		EXEC	data/debug			MISSING_LOCAL
tdb_tdbdump_O3	$WORKSPACE/data/debug/tdb_tdbdump_O3	28704	1	1		EXEC	data/debug			MISSING_LOCAL
tdb_tdbrestore_O0	$WORKSPACE/data/debug/tdb_tdbrestore_O0	23112	1	1		EXEC	data/debug			MISSING_LOCAL
tdb_tdbrestore_O1	$WORKSPACE/data/debug/tdb_tdbrestore_O1	26792	1	1		EXEC	data/debug			MISSING_LOCAL
tdb_tdbrestore_O2	$WORKSPACE/data/debug/tdb_tdbrestore_O2	27744	1	1		EXEC	data/debug			MISSING_LOCAL
tdb_tdbrestore_O3	$WORKSPACE/data/debug/tdb_tdbrestore_O3	27904	1	1		EXEC	data/debug			MISSING_LOCAL
tdb_tdbtool_O0	$WORKSPACE/data/debug/tdb_tdbtool_O0	51072	1	1		EXEC	data/debug			MISSING_LOCAL
tdb_tdbtool_O1	$WORKSPACE/data/debug/tdb_tdbtool_O1	60208	1	1		EXEC	data/debug			MISSING_LOCAL
tdb_tdbtool_O2	$WORKSPACE/data/debug/tdb_tdbtool_O2	58704	1	1		EXEC	data/debug			MISSING_LOCAL
tdb_tdbtool_O3	$WORKSPACE/data/debug/tdb_tdbtool_O3	62768	1	1		EXEC	data/debug			MISSING_LOCAL
tengine_nginx_O0	$WORKSPACE/baselines/SymLM/dataset_generation/xproj_debug/tengine_nginx_O0	4076960	1	1	5cc9387de097f71c989b52c3957264f9fceae482	DYN	SymLM/xproj_debug			MISSING_LOCAL
tengine_nginx_O2	$WORKSPACE/baselines/SymLM/dataset_generation/xproj_debug/tengine_nginx_O2	4776024	1	1	732474ce4fc54fcf511796e3a43382d8af6f292b	DYN	SymLM/xproj_debug			MISSING_LOCAL
tengine_nginx_clang_O1	$WORKSPACE/clang_o1o3/bins/tengine_nginx_clang_O1.debug	4053464	1	1		DYN	clang_o1o3/bins	clang_o1o3/bins/tengine_nginx_clang_O1.debug		LOCAL_EXISTS_NO_BUILDID(size 4053464 vs 4053464)
tengine_nginx_clang_O3	$WORKSPACE/clang_o1o3/bins/tengine_nginx_clang_O3.debug	4157088	1	1		DYN	clang_o1o3/bins	clang_o1o3/bins/tengine_nginx_clang_O3.debug		LOCAL_EXISTS_NO_BUILDID(size 4157088 vs 4157088)
tig_tig_O0	$WORKSPACE/data/debug/tig_tig_O0	1244264	1	1		EXEC	data/debug			MISSING_LOCAL
tig_tig_O1	$WORKSPACE/data/debug/tig_tig_O1	1465304	1	1		EXEC	data/debug			MISSING_LOCAL
tig_tig_O2	$WORKSPACE/data/debug/tig_tig_O2	1573896	1	1		EXEC	data/debug			MISSING_LOCAL
tig_tig_O3	$WORKSPACE/data/debug/tig_tig_O3	1804584	1	1		EXEC	data/debug			MISSING_LOCAL
tinycc_tcc_O0	$WORKSPACE/data/cross_project/debug_unseen/tinycc_tcc_O0	586984	1	1	2acaefcff5e43c4f573af9c5815c20709990202e	EXEC	cross_project/debug_unseen			MISSING_LOCAL
tinycc_tcc_O1	$WORKSPACE/data/cross_project/debug_unseen/tinycc_tcc_O1	818600	1	1	cc5832167f7a26de9ba099a9d8d1698bbc96312f	EXEC	cross_project/debug_unseen			MISSING_LOCAL
tinycc_tcc_O2	$WORKSPACE/data/cross_project/debug_unseen/tinycc_tcc_O2	1029736	1	1	8605ec31cf44ca3e31de291672c1a8e344c43c64	EXEC	cross_project/debug_unseen			MISSING_LOCAL
tinycc_tcc_O3	$WORKSPACE/data/cross_project/debug_unseen/tinycc_tcc_O3	1464816	1	1	62fb26e8f5e23ae5f4a11113ad6b1bf78ec422a5	EXEC	cross_project/debug_unseen			MISSING_LOCAL
units2_units_O0	$WORKSPACE/data/raw/units2_units_O0	196448	1	1	95444ab822c245360a698612091d1ebcb64afb14	EXEC	data/raw			MISSING_LOCAL
units2_units_O1	$WORKSPACE/data/raw/units2_units_O1	273752	1	1	de841e4272f765c59e01d8b839278d05aa4470d1	EXEC	data/raw			MISSING_LOCAL
units2_units_O2	$WORKSPACE/data/raw/units2_units_O2	276744	1	1	d124f0eb4c4f8bc59d5c43e310bb3f42ca74689f	EXEC	data/raw			MISSING_LOCAL
units2_units_O3	$WORKSPACE/data/raw/units2_units_O3	281616	1	1	7160459ede0ad52144d4aa4318480f4335968ed1	EXEC	data/raw			MISSING_LOCAL
which2_which_O0	$WORKSPACE/data/raw/which2_which_O0	58384	1	1	c95881c26b57cf6d88c5372814666d7b6c217ca9	EXEC	data/raw			MISSING_LOCAL
which2_which_O1	$WORKSPACE/data/raw/which2_which_O1	72952	1	1	cf4bc94f0b5f40353dfdf0be1890fe36f8abf33a	EXEC	data/raw			MISSING_LOCAL
which2_which_O2	$WORKSPACE/data/raw/which2_which_O2	77928	1	1	f5d5e2129640715f85dbb4819718043510f8f955	EXEC	data/raw			MISSING_LOCAL
which2_which_O3	$WORKSPACE/data/raw/which2_which_O3	80032	1	1	a95a1cbfa08a95a910d53b0621f2beb2044d5379	EXEC	data/raw			MISSING_LOCAL
zstd_zstd_O0	$WORKSPACE/data/debug/zstd_zstd_O0	3590000	1	1		EXEC	data/debug			MISSING_LOCAL
zstd_zstd_O1	$WORKSPACE/data/debug/zstd_zstd_O1	6165472	1	1		EXEC	data/debug			MISSING_LOCAL
zstd_zstd_O2	$WORKSPACE/data/debug/zstd_zstd_O2	6958520	1	1		EXEC	data/debug			MISSING_LOCAL
zstd_zstd_O3	$WORKSPACE/data/debug/zstd_zstd_O3	8953016	1	1		EXEC	data/debug			MISSING_LOCAL
	$WORKSPACE/build_tmp/coreutils-8.32/src/make-prime-list	30056	1	1	d39943467549ccbe82f4b6960bc4a11d656b1c58	EXEC	build_tmp(build-tree)			build-tree-dup
	$WORKSPACE/build_tmp/diffutils-3.10/src/cmp	224472	1	1		EXEC	build_tmp(build-tree)			build-tree-dup
	$WORKSPACE/build_tmp/diffutils-3.10/src/diff	701888	1	1		EXEC	build_tmp(build-tree)			build-tree-dup
	$WORKSPACE/build_tmp/diffutils-3.10/src/diff3	335992	1	1		EXEC	build_tmp(build-tree)			build-tree-dup
	$WORKSPACE/build_tmp/diffutils-3.10/src/sdiff	245672	1	1		EXEC	build_tmp(build-tree)			build-tree-dup
	$WORKSPACE/build_tmp/findutils-4.8.0/find/find	1521344	1	1	bb4a8395885c2fee31c6a9f49cb7dfdae0444dda	EXEC	build_tmp(build-tree)			build-tree-dup
	$WORKSPACE/build_tmp/findutils-4.8.0/locate/frcode	176984	1	1	80c910d399b6aa607a7db38765f43568df55ba64	EXEC	build_tmp(build-tree)			build-tree-dup
	$WORKSPACE/build_tmp/findutils-4.8.0/locate/locate	718080	1	1	3d08e67bb29c6de6f877ed81de077325b97060ea	EXEC	build_tmp(build-tree)			build-tree-dup
	$WORKSPACE/build_tmp/findutils-4.8.0/xargs/xargs	329392	1	1	18eb3dba1a3ff512a90e63d17d167899eeb7649b	EXEC	build_tmp(build-tree)			build-tree-dup
	$WORKSPACE/build_tmp/gawk-5.2.2/awklib/grcat	21376	1	1		EXEC	build_tmp(build-tree)			build-tree-dup
	$WORKSPACE/build_tmp/gawk-5.2.2/awklib/pwcat	19600	1	1		EXEC	build_tmp(build-tree)			build-tree-dup
	$WORKSPACE/build_tmp/gawk-5.2.2/gawk	3000208	1	1		EXEC	build_tmp(build-tree)			build-tree-dup
	$WORKSPACE/build_tmp/grep-3.8/src/grep	868920	1	1	b116ec75daa9c4048e8d90d973639f60adca04ba	EXEC	build_tmp(build-tree)			build-tree-dup
	$WORKSPACE/build_tmp/gzip-1.12/gzip	343528	1	1	a3dc397bda5eb0ff332619b1508983ea31be6247	EXEC	build_tmp(build-tree)			build-tree-dup
	$WORKSPACE/build_tmp/libtool-2.4.7/libltdl/.libs/libltdl.so.7.3.2	190080	1	1		DYN	build_tmp(build-tree)			build-tree-dup
	$WORKSPACE/build_tmp/nmap-7.94/libssh2/src/.libs/libssh2.so.1.0.1	1072904	1	1		DYN	build_tmp(build-tree)			build-tree-dup
	$WORKSPACE/build_tmp/patch-2.7/src/patch	620448	1	1	0ca7faad5d1ec53d8ead257fff458f16fb780cc6	EXEC	build_tmp(build-tree)			build-tree-dup
	$WORKSPACE/build_tmp/sed-4.8/sed/sed	980648	1	1	48016998eaf713fbacdd2f53cd66ee0411e125f5	EXEC	build_tmp(build-tree)			build-tree-dup
	$WORKSPACE/build_tmp/tar-1.34/rmt/rmt	255264	1	1	8ff2fdf5eaaa72005bc018de44723b5d161a8c62	EXEC	build_tmp(build-tree)			build-tree-dup
	$WORKSPACE/build_tmp/tar-1.34/src/tar	2423424	1	1	dc9abddb9409dfeeee52ec76cdc27b2579649529	EXEC	build_tmp(build-tree)			build-tree-dup
	$WORKSPACE/build_tmp/units-2.23/units	281616	1	1	7160459ede0ad52144d4aa4318480f4335968ed1	EXEC	build_tmp(build-tree)			build-tree-dup
	$WORKSPACE/build_tmp/which-2.21/which	80032	1	1	a95a1cbfa08a95a910d53b0621f2beb2044d5379	EXEC	build_tmp(build-tree)			build-tree-dup
	$WORKSPACE/build_tmp/xz-5.4.5/src/liblzma/.libs/liblzma.so.5.4.5	1045304	1	1	8e81870693656a45f15f83df37650e8e55a25c24	DYN	build_tmp(build-tree)			build-tree-dup
	$WORKSPACE/build_tmp/xz-5.4.5/src/lzmainfo/.libs/lzmainfo	31792	1	1	9996e3dfe47d57d275bbc7a6c2504357b47a7783	EXEC	build_tmp(build-tree)			build-tree-dup
	$WORKSPACE/build_tmp/xz-5.4.5/src/xz/.libs/xz	272928	1	1	80155877a6bbbe8907c64548f214a5b21039af43	EXEC	build_tmp(build-tree)			build-tree-dup
	$WORKSPACE/build_tmp/xz-5.4.5/src/xzdec/.libs/lzmadec	31144	1	1	692bfccb2da8c66a9e1b716320249a9f70d3ac35	EXEC	build_tmp(build-tree)			build-tree-dup
	$WORKSPACE/build_tmp/xz-5.4.5/src/xzdec/.libs/xzdec	31200	1	1	d231db7ab8b673da36982bf013e7b968297997ca	EXEC	build_tmp(build-tree)			build-tree-dup
