package	n_ids	n_tools	opts	pairs_audited	dup_pairs	corpora	n_eligible_v2	ids
acct	24	6	O0,O1,O2,O3	36	0	local_main,wulver	24	acct_ac_O0;acct_ac_O1;acct_ac_O2;acct_ac_O3;acct_accton_O0;acct_accton_O1;acct_accton_O2;acct_accton_O3;acct_dump-utmp_O0;acct_dump-utmp_O1;acct_dump-utmp_O2;acct_dump-utmp_O3;acct_last_O0;acct_last_O1;acct_last_O2;acct_last_O3;acct_lastcomm_O0;acct_lastcomm_O1;acct_lastcomm_O2;acct_lastcomm_O3;acct_sa_O0;acct_sa_O1;acct_sa_O2;acct_sa_O3
angie	6	2	O0,O1,O2,O3	0	0	clang_o1o3,local_main,local_main:cross_project,wulver	0	angie_angie_O0;angie_angie_O1;angie_angie_O2;angie_angie_O3;angie_angie_clang_O1;angie_angie_clang_O3
atop	8	2	O0,O1,O2,O3	0	0	local_main:_p0_0_6_round3,wulver	8	atop_atop_O0;atop_atop_O1;atop_atop_O2;atop_atop_O3;atop_atopacctd_O0;atop_atopacctd_O1;atop_atopacctd_O2;atop_atopacctd_O3
bash	5	1	O0,O1,O2,O3,default	10	1	local_main,wulver	4	bash_bash;bash_bash_O0;bash_bash_O1;bash_bash_O2;bash_bash_O3
bc	6	2	O0,O1,O2,O3	7	0	local_main,wulver	6	bc_bc_O0;bc_bc_O1;bc_bc_O2;bc_bc_O3;bc_dc_O1;bc_dc_O3
bdb	40	10	O0,O1,O2,O3	0	0	local_main:_p0_0_6_round3,wulver	0	bdb_db_archive_O0;bdb_db_archive_O1;bdb_db_archive_O2;bdb_db_archive_O3;bdb_db_checkpoint_O0;bdb_db_checkpoint_O1;bdb_db_checkpoint_O2;bdb_db_checkpoint_O3;bdb_db_dump_O0;bdb_db_dump_O1;bdb_db_dump_O2;bdb_db_dump_O3;bdb_db_hotbackup_O0;bdb_db_hotbackup_O1;bdb_db_hotbackup_O2;bdb_db_hotbackup_O3;bdb_db_load_O0;bdb_db_load_O1;bdb_db_load_O2;bdb_db_load_O3;bdb_db_printlog_O0;bdb_db_printlog_O1;bdb_db_printlog_O2;bdb_db_printlog_O3;bdb_db_recover_O0;bdb_db_recover_O1;bdb_db_recover_O2;bdb_db_recover_O3;bdb_db_replicate_O0;bdb_db_replicate_O1;bdb_db_replicate_O2;bdb_db_replicate_O3;bdb_db_stat_O0;bdb_db_stat_O1;bdb_db_stat_O2;bdb_db_stat_O3;bdb_db_verify_O0;bdb_db_verify_O1;bdb_db_verify_O2;bdb_db_verify_O3
binutils	54	12	O0,O1,O2,O3,default	60	1	clang_train,local_main,wulver	51	binutils_addr2line;binutils_addr2line_O0;binutils_addr2line_O1;binutils_addr2line_O2;binutils_addr2line_O3;binutils_addr2line_clang_O0;binutils_addr2line_clang_O1;binutils_addr2line_clang_O2;binutils_addr2line_clang_O3;binutils_nm-new;binutils_nm-new_O0;binutils_nm-new_O1;binutils_nm-new_O2;binutils_nm-new_O3;binutils_nm-new_clang_O0;binutils_nm-new_clang_O1;binutils_nm-new_clang_O2;binutils_nm-new_clang_O3;binutils_objdump;binutils_objdump_O0;binutils_objdump_O1;binutils_objdump_O2;binutils_objdump_O3;binutils_objdump_clang_O0;binutils_objdump_clang_O1;binutils_objdump_clang_O2;binutils_objdump_clang_O3;binutils_readelf;binutils_readelf_O0;binutils_readelf_O1;binutils_readelf_O2;binutils_readelf_O3;binutils_readelf_clang_O0;binutils_readelf_clang_O1;binutils_readelf_clang_O2;binutils_readelf_clang_O3;binutils_size;binutils_size_O0;binutils_size_O1;binutils_size_O2;binutils_size_O3;binutils_size_clang_O0;binutils_size_clang_O1;binutils_size_clang_O2;binutils_size_clang_O3;binutils_strings;binutils_strings_O0;binutils_strings_O1;binutils_strings_O2;binutils_strings_O3;binutils_strings_clang_O0;binutils_strings_clang_O1;binutils_strings_clang_O2;binutils_strings_clang_O3
binutils2	16	4	O0,O1,O2,O3	24	0	local_main,wulver	16	binutils2_ar_O0;binutils2_ar_O1;binutils2_ar_O2;binutils2_ar_O3;binutils2_objcopy_O0;binutils2_objcopy_O1;binutils2_objcopy_O2;binutils2_objcopy_O3;binutils2_ranlib_O0;binutils2_ranlib_O1;binutils2_ranlib_O2;binutils2_ranlib_O3;binutils2_strip-new_O0;binutils2_strip-new_O1;binutils2_strip-new_O2;binutils2_strip-new_O3
bison	5	1	O0,O1,O2,O3,default	10	0	local_main,wulver	5	bison_bison;bison_bison_O0;bison_bison_O1;bison_bison_O2;bison_bison_O3
bsdtar	2	2	O2	0	0	local_main:cross_project	0	bsdtar_bsdcpio_O2;bsdtar_bsdtar_O2
busybox	4	1	O0,O1,O2,O3	6	0	local_main,wulver	4	busybox_busybox_O0;busybox_busybox_O1;busybox_busybox_O2;busybox_busybox_O3
byacc	1	1	O2	0	0	local_main:cross_project	0	byacc_yacc_O2
bzip2	4	1	O0,O1,O2,O3	6	0	local_main,wulver	4	bzip2_bzip2_O0;bzip2_bzip2_O1;bzip2_bzip2_O2;bzip2_bzip2_O3
cflow	4	1	O0,O1,O2,O3	0	0	local_main,wulver	4	cflow_cflow_O0;cflow_cflow_O1;cflow_cflow_O2;cflow_cflow_O3
combinatorics	3	1	O1,O2,O3	3	0	local_main,wulver	3	combinatorics_combine_O1;combinatorics_combine_O2;combinatorics_combine_O3
coreutils	540	132	O0,O1,O2,O3,default	210	6	clang_train,local_main,wulver	534	coreutils_[_clang_O0;coreutils_[_clang_O1;coreutils_[_clang_O2;coreutils_[_clang_O3;coreutils_b2sum_clang_O0;coreutils_b2sum_clang_O1;coreutils_b2sum_clang_O2;coreutils_b2sum_clang_O3;coreutils_base32_clang_O0;coreutils_base32_clang_O1;coreutils_base32_clang_O2;coreutils_base32_clang_O3;coreutils_base64;coreutils_base64_clang_O0;coreutils_base64_clang_O1;coreutils_base64_clang_O2;coreutils_base64_clang_O3;coreutils_basename_clang_O0;coreutils_basename_clang_O1;coreutils_basename_clang_O2;coreutils_basename_clang_O3;coreutils_basenc_clang_O0;coreutils_basenc_clang_O1;coreutils_basenc_clang_O2;coreutils_basenc_clang_O3;coreutils_cat;coreutils_cat_O0;coreutils_cat_O1;coreutils_cat_O2;coreutils_cat_O3;coreutils_cat_clang_O0;coreutils_cat_clang_O1;coreutils_cat_clang_O2;coreutils_cat_clang_O3;coreutils_chcon_clang_O0;coreutils_chcon_clang_O1;coreutils_chcon_clang_O2;coreutils_chcon_clang_O3;coreutils_chgrp_clang_O0;coreutils_chgrp_clang_O1;coreutils_chgrp_clang_O2;coreutils_chgrp_clang_O3;coreutils_chmod;coreutils_chmod_O0;coreutils_chmod_O1;coreutils_chmod_O2;coreutils_chmod_O3;coreutils_chmod_clang_O0;coreutils_chmod_clang_O1;coreutils_chmod_clang_O2;coreutils_chmod_clang_O3;coreutils_chown;coreutils_chown_O0;coreutils_chown_O1;coreutils_chown_O2;coreutils_chown_O3;coreutils_chown_clang_O0;coreutils_chown_clang_O1;coreutils_chown_clang_O2;coreutils_chown_clang_O3;coreutils_chroot_clang_O0;coreutils_chroot_clang_O1;coreutils_chroot_clang_O2;coreutils_chroot_clang_O3;coreutils_cksum_clang_O0;coreutils_cksum_clang_O1;coreutils_cksum_clang_O2;coreutils_cksum_clang_O3;coreutils_comm_clang_O0;coreutils_comm_clang_O1;coreutils_comm_clang_O2;coreutils_comm_clang_O3;coreutils_cp;coreutils_cp_O0;coreutils_cp_O1;coreutils_cp_O2;coreutils_cp_O3;coreutils_cp_clang_O0;coreutils_cp_clang_O1;coreutils_cp_clang_O2;coreutils_cp_clang_O3;coreutils_csplit_clang_O0;coreutils_csplit_clang_O1;coreutils_csplit_clang_O2;coreutils_csplit_clang_O3;coreutils_cut;coreutils_cut_O0;coreutils_cut_O1;coreutils_cut_O2;coreutils_cut_O3;coreutils_cut_clang_O0;coreutils_cut_clang_O1;coreutils_cut_clang_O2;coreutils_cut_clang_O3;coreutils_date_clang_O0;coreutils_date_clang_O1;coreutils_date_clang_O2;coreutils_date_clang_O3;coreutils_dd_clang_O0;coreutils_dd_clang_O1;coreutils_dd_clang_O2;coreutils_dd_clang_O3;coreutils_df_clang_O0;coreutils_df_clang_O1;coreutils_df_clang_O2;coreutils_df_clang_O3;coreutils_dir_clang_O0;coreutils_dir_clang_O1;coreutils_dir_clang_O2;coreutils_dir_clang_O3;coreutils_dircolors_clang_O0;coreutils_dircolors_clang_O1;coreutils_dircolors_clang_O2;coreutils_dircolors_clang_O3;coreutils_dirname_clang_O0;coreutils_dirname_clang_O1;coreutils_dirname_clang_O2;coreutils_dirname_clang_O3;coreutils_du_clang_O0;coreutils_du_clang_O1;coreutils_du_clang_O2;coreutils_du_clang_O3;coreutils_echo_clang_O0;coreutils_echo_clang_O1;coreutils_echo_clang_O2;coreutils_echo_clang_O3;coreutils_env_clang_O0;coreutils_env_clang_O1;coreutils_env_clang_O2;coreutils_env_clang_O3;coreutils_expand_clang_O0;coreutils_expand_clang_O1;coreutils_expand_clang_O2;coreutils_expand_clang_O3;coreutils_expr_clang_O0;coreutils_expr_clang_O1;coreutils_expr_clang_O2;coreutils_expr_clang_O3;coreutils_factor_clang_O0;coreutils_factor_clang_O1;coreutils_factor_clang_O2;coreutils_factor_clang_O3;coreutils_false_clang_O0;coreutils_false_clang_O1;coreutils_false_clang_O2;coreutils_false_clang_O3;coreutils_fmt;coreutils_fmt_O0;coreutils_fmt_O1;coreutils_fmt_O2;coreutils_fmt_O3;coreutils_fmt_clang_O0;coreutils_fmt_clang_O1;coreutils_fmt_clang_O2;coreutils_fmt_clang_O3;coreutils_fold_clang_O0;coreutils_fold_clang_O1;coreutils_fold_clang_O2;coreutils_fold_clang_O3;coreutils_getlimits_clang_O0;coreutils_getlimits_clang_O1;coreutils_getlimits_clang_O2;coreutils_getlimits_clang_O3;coreutils_ginstall_clang_O0;coreutils_ginstall_clang_O1;coreutils_ginstall_clang_O2;coreutils_ginstall_clang_O3;coreutils_groups_clang_O0;coreutils_groups_clang_O1;coreutils_groups_clang_O2;coreutils_groups_clang_O3;coreutils_head;coreutils_head_O0;coreutils_head_O1;coreutils_head_O2;coreutils_head_O3;coreutils_head_clang_O0;coreutils_head_clang_O1;coreutils_head_clang_O2;coreutils_head_clang_O3;coreutils_hostid_clang_O0;coreutils_hostid_clang_O1;coreutils_hostid_clang_O2;coreutils_hostid_clang_O3;coreutils_id_clang_O0;coreutils_id_clang_O1;coreutils_id_clang_O2;coreutils_id_clang_O3;coreutils_join;coreutils_join_O0;coreutils_join_O1;coreutils_join_O2;coreutils_join_O3;coreutils_join_clang_O0;coreutils_join_clang_O1;coreutils_join_clang_O2;coreutils_join_clang_O3;coreutils_kill_clang_O0;coreutils_kill_clang_O1;coreutils_kill_clang_O2;coreutils_kill_clang_O3;coreutils_link_clang_O0;coreutils_link_clang_O1;coreutils_link_clang_O2;coreutils_link_clang_O3;coreutils_ln_clang_O0;coreutils_ln_clang_O1;coreutils_ln_clang_O2;coreutils_ln_clang_O3;coreutils_logname_clang_O0;coreutils_logname_clang_O1;coreutils_logname_clang_O2;coreutils_logname_clang_O3;coreutils_ls;coreutils_ls_O0;coreutils_ls_O1;coreutils_ls_O2;coreutils_ls_O3;coreutils_ls_clang_O0;coreutils_ls_clang_O1;coreutils_ls_clang_O2;coreutils_ls_clang_O3;coreutils_make-prime-list_clang_O0;coreutils_make-prime-list_clang_O1;coreutils_make-prime-list_clang_O2;coreutils_make-prime-list_clang_O3;coreutils_md5sum;coreutils_md5sum_clang_O0;coreutils_md5sum_clang_O1;coreutils_md5sum_clang_O2;coreutils_md5sum_clang_O3;coreutils_mkdir_clang_O0;coreutils_mkdir_clang_O1;coreutils_mkdir_clang_O2;coreutils_mkdir_clang_O3;coreutils_mkfifo_clang_O0;coreutils_mkfifo_clang_O1;coreutils_mkfifo_clang_O2;coreutils_mkfifo_clang_O3;coreutils_mknod_clang_O0;coreutils_mknod_clang_O1;coreutils_mknod_clang_O2;coreutils_mknod_clang_O3;coreutils_mktemp_clang_O0;coreutils_mktemp_clang_O1;coreutils_mktemp_clang_O2;coreutils_mktemp_clang_O3;coreutils_mv;coreutils_mv_O0;coreutils_mv_O1;coreutils_mv_O2;coreutils_mv_O3;coreutils_mv_clang_O0;coreutils_mv_clang_O1;coreutils_mv_clang_O2;coreutils_mv_clang_O3;coreutils_nice_clang_O0;coreutils_nice_clang_O1;coreutils_nice_clang_O2;coreutils_nice_clang_O3;coreutils_nl;coreutils_nl_O0;coreutils_nl_O1;coreutils_nl_O2;coreutils_nl_O3;coreutils_nl_clang_O0;coreutils_nl_clang_O1;coreutils_nl_clang_O2;coreutils_nl_clang_O3;coreutils_nohup_clang_O0;coreutils_nohup_clang_O1;coreutils_nohup_clang_O2;coreutils_nohup_clang_O3;coreutils_nproc_clang_O0;coreutils_nproc_clang_O1;coreutils_nproc_clang_O2;coreutils_nproc_clang_O3;coreutils_numfmt_clang_O0;coreutils_numfmt_clang_O1;coreutils_numfmt_clang_O2;coreutils_numfmt_clang_O3;coreutils_od;coreutils_od_O0;coreutils_od_O1;coreutils_od_O2;coreutils_od_O3;coreutils_od_clang_O0;coreutils_od_clang_O1;coreutils_od_clang_O2;coreutils_od_clang_O3;coreutils_paste;coreutils_paste_O0;coreutils_paste_O1;coreutils_paste_O2;coreutils_paste_O3;coreutils_paste_clang_O0;coreutils_paste_clang_O1;coreutils_paste_clang_O2;coreutils_paste_clang_O3;coreutils_pathchk_clang_O0;coreutils_pathchk_clang_O1;coreutils_pathchk_clang_O2;coreutils_pathchk_clang_O3;coreutils_pinky_clang_O0;coreutils_pinky_clang_O1;coreutils_pinky_clang_O2;coreutils_pinky_clang_O3;coreutils_pr_clang_O0;coreutils_pr_clang_O1;coreutils_pr_clang_O2;coreutils_pr_clang_O3;coreutils_printenv_clang_O0;coreutils_printenv_clang_O1;coreutils_printenv_clang_O2;coreutils_printenv_clang_O3;coreutils_printf_clang_O0;coreutils_printf_clang_O1;coreutils_printf_clang_O2;coreutils_printf_clang_O3;coreutils_ptx;coreutils_ptx_O0;coreutils_ptx_O1;coreutils_ptx_O2;coreutils_ptx_O3;coreutils_ptx_clang_O0;coreutils_ptx_clang_O1;coreutils_ptx_clang_O2;coreutils_ptx_clang_O3;coreutils_pwd_clang_O0;coreutils_pwd_clang_O1;coreutils_pwd_clang_O2;coreutils_pwd_clang_O3;coreutils_readlink_clang_O0;coreutils_readlink_clang_O1;coreutils_readlink_clang_O2;coreutils_readlink_clang_O3;coreutils_realpath_clang_O0;coreutils_realpath_clang_O1;coreutils_realpath_clang_O2;coreutils_realpath_clang_O3;coreutils_rm;coreutils_rm_O0;coreutils_rm_O1;coreutils_rm_O2;coreutils_rm_O3;coreutils_rm_clang_O0;coreutils_rm_clang_O1;coreutils_rm_clang_O2;coreutils_rm_clang_O3;coreutils_rmdir_clang_O0;coreutils_rmdir_clang_O1;coreutils_rmdir_clang_O2;coreutils_rmdir_clang_O3;coreutils_runcon_clang_O0;coreutils_runcon_clang_O1;coreutils_runcon_clang_O2;coreutils_runcon_clang_O3;coreutils_seq_clang_O0;coreutils_seq_clang_O1;coreutils_seq_clang_O2;coreutils_seq_clang_O3;coreutils_sha1sum_clang_O0;coreutils_sha1sum_clang_O1;coreutils_sha1sum_clang_O2;coreutils_sha1sum_clang_O3;coreutils_sha224sum_clang_O0;coreutils_sha224sum_clang_O1;coreutils_sha224sum_clang_O2;coreutils_sha224sum_clang_O3;coreutils_sha256sum;coreutils_sha256sum_clang_O0;coreutils_sha256sum_clang_O1;coreutils_sha256sum_clang_O2;coreutils_sha256sum_clang_O3;coreutils_sha384sum_clang_O0;coreutils_sha384sum_clang_O1;coreutils_sha384sum_clang_O2;coreutils_sha384sum_clang_O3;coreutils_sha512sum_clang_O0;coreutils_sha512sum_clang_O1;coreutils_sha512sum_clang_O2;coreutils_sha512sum_clang_O3;coreutils_shred_clang_O0;coreutils_shred_clang_O1;coreutils_shred_clang_O2;coreutils_shred_clang_O3;coreutils_shuf_clang_O0;coreutils_shuf_clang_O1;coreutils_shuf_clang_O2;coreutils_shuf_clang_O3;coreutils_sleep_clang_O0;coreutils_sleep_clang_O1;coreutils_sleep_clang_O2;coreutils_sleep_clang_O3;coreutils_sort;coreutils_sort_O0;coreutils_sort_O1;coreutils_sort_O2;coreutils_sort_O3;coreutils_sort_clang_O0;coreutils_sort_clang_O1;coreutils_sort_clang_O2;coreutils_sort_clang_O3;coreutils_split_clang_O0;coreutils_split_clang_O1;coreutils_split_clang_O2;coreutils_split_clang_O3;coreutils_stat_clang_O0;coreutils_stat_clang_O1;coreutils_stat_clang_O2;coreutils_stat_clang_O3;coreutils_stdbuf_clang_O0;coreutils_stdbuf_clang_O1;coreutils_stdbuf_clang_O2;coreutils_stdbuf_clang_O3;coreutils_stty_clang_O0;coreutils_stty_clang_O1;coreutils_stty_clang_O2;coreutils_stty_clang_O3;coreutils_sum_clang_O0;coreutils_sum_clang_O1;coreutils_sum_clang_O2;coreutils_sum_clang_O3;coreutils_sync_clang_O0;coreutils_sync_clang_O1;coreutils_sync_clang_O2;coreutils_sync_clang_O3;coreutils_tac_clang_O0;coreutils_tac_clang_O1;coreutils_tac_clang_O2;coreutils_tac_clang_O3;coreutils_tail;coreutils_tail_O0;coreutils_tail_O1;coreutils_tail_O2;coreutils_tail_O3;coreutils_tail_clang_O0;coreutils_tail_clang_O1;coreutils_tail_clang_O2;coreutils_tail_clang_O3;coreutils_tee_clang_O0;coreutils_tee_clang_O1;coreutils_tee_clang_O2;coreutils_tee_clang_O3;coreutils_test_clang_O0;coreutils_test_clang_O1;coreutils_test_clang_O2;coreutils_test_clang_O3;coreutils_timeout_clang_O0;coreutils_timeout_clang_O1;coreutils_timeout_clang_O2;coreutils_timeout_clang_O3;coreutils_touch_clang_O0;coreutils_touch_clang_O1;coreutils_touch_clang_O2;coreutils_touch_clang_O3;coreutils_tr;coreutils_tr_O0;coreutils_tr_O1;coreutils_tr_O2;coreutils_tr_O3;coreutils_tr_clang_O0;coreutils_tr_clang_O1;coreutils_tr_clang_O2;coreutils_tr_clang_O3;coreutils_true_clang_O0;coreutils_true_clang_O1;coreutils_true_clang_O2;coreutils_true_clang_O3;coreutils_truncate_clang_O0;coreutils_truncate_clang_O1;coreutils_truncate_clang_O2;coreutils_truncate_clang_O3;coreutils_tsort;coreutils_tsort_O0;coreutils_tsort_O1;coreutils_tsort_O2;coreutils_tsort_O3;coreutils_tsort_clang_O0;coreutils_tsort_clang_O1;coreutils_tsort_clang_O2;coreutils_tsort_clang_O3;coreutils_tty_clang_O0;coreutils_tty_clang_O1;coreutils_tty_clang_O2;coreutils_tty_clang_O3;coreutils_uname_clang_O0;coreutils_uname_clang_O1;coreutils_uname_clang_O2;coreutils_uname_clang_O3;coreutils_unexpand_clang_O0;coreutils_unexpand_clang_O1;coreutils_unexpand_clang_O2;coreutils_unexpand_clang_O3;coreutils_uniq;coreutils_uniq_O0;coreutils_uniq_O1;coreutils_uniq_O2;coreutils_uniq_O3;coreutils_uniq_clang_O0;coreutils_uniq_clang_O1;coreutils_uniq_clang_O2;coreutils_uniq_clang_O3;coreutils_unlink_clang_O0;coreutils_unlink_clang_O1;coreutils_unlink_clang_O2;coreutils_unlink_clang_O3;coreutils_uptime_clang_O0;coreutils_uptime_clang_O1;coreutils_uptime_clang_O2;coreutils_uptime_clang_O3;coreutils_users_clang_O0;coreutils_users_clang_O1;coreutils_users_clang_O2;coreutils_users_clang_O3;coreutils_vdir_clang_O0;coreutils_vdir_clang_O1;coreutils_vdir_clang_O2;coreutils_vdir_clang_O3;coreutils_wc;coreutils_wc_O0;coreutils_wc_O1;coreutils_wc_O2;coreutils_wc_O3;coreutils_wc_clang_O0;coreutils_wc_clang_O1;coreutils_wc_clang_O2;coreutils_wc_clang_O3;coreutils_who_clang_O0;coreutils_who_clang_O1;coreutils_who_clang_O2;coreutils_who_clang_O3;coreutils_whoami_clang_O0;coreutils_whoami_clang_O1;coreutils_whoami_clang_O2;coreutils_whoami_clang_O3;coreutils_yes_clang_O0;coreutils_yes_clang_O1;coreutils_yes_clang_O2;coreutils_yes_clang_O3
coreutils2	45	9	O0,O1,O2,O3,default	90	4	local_main,wulver	41	coreutils2_dd;coreutils2_dd_O0;coreutils2_dd_O1;coreutils2_dd_O2;coreutils2_dd_O3;coreutils2_df;coreutils2_df_O0;coreutils2_df_O1;coreutils2_df_O2;coreutils2_df_O3;coreutils2_du;coreutils2_du_O0;coreutils2_du_O1;coreutils2_du_O2;coreutils2_du_O3;coreutils2_ls;coreutils2_ls_O0;coreutils2_ls_O1;coreutils2_ls_O2;coreutils2_ls_O3;coreutils2_mktemp;coreutils2_mktemp_O0;coreutils2_mktemp_O1;coreutils2_mktemp_O2;coreutils2_mktemp_O3;coreutils2_realpath;coreutils2_realpath_O0;coreutils2_realpath_O1;coreutils2_realpath_O2;coreutils2_realpath_O3;coreutils2_shred;coreutils2_shred_O0;coreutils2_shred_O1;coreutils2_shred_O2;coreutils2_shred_O3;coreutils2_sort;coreutils2_sort_O0;coreutils2_sort_O1;coreutils2_sort_O2;coreutils2_sort_O3;coreutils2_stty;coreutils2_stty_O0;coreutils2_stty_O1;coreutils2_stty_O2;coreutils2_stty_O3
coreutils3	68	17	O0,O1,O2,O3	102	0	local_main,wulver	68	coreutils3_comm_O0;coreutils3_comm_O1;coreutils3_comm_O2;coreutils3_comm_O3;coreutils3_dirname_O0;coreutils3_dirname_O1;coreutils3_dirname_O2;coreutils3_dirname_O3;coreutils3_env_O0;coreutils3_env_O1;coreutils3_env_O2;coreutils3_env_O3;coreutils3_expand_O0;coreutils3_expand_O1;coreutils3_expand_O2;coreutils3_expand_O3;coreutils3_expr_O0;coreutils3_expr_O1;coreutils3_expr_O2;coreutils3_expr_O3;coreutils3_fold_O0;coreutils3_fold_O1;coreutils3_fold_O2;coreutils3_fold_O3;coreutils3_id_O0;coreutils3_id_O1;coreutils3_id_O2;coreutils3_id_O3;coreutils3_link_O0;coreutils3_link_O1;coreutils3_link_O2;coreutils3_link_O3;coreutils3_ln_O0;coreutils3_ln_O1;coreutils3_ln_O2;coreutils3_ln_O3;coreutils3_mkdir_O0;coreutils3_mkdir_O1;coreutils3_mkdir_O2;coreutils3_mkdir_O3;coreutils3_nproc_O0;coreutils3_nproc_O1;coreutils3_nproc_O2;coreutils3_nproc_O3;coreutils3_seq_O0;coreutils3_seq_O1;coreutils3_seq_O2;coreutils3_seq_O3;coreutils3_split_O0;coreutils3_split_O1;coreutils3_split_O2;coreutils3_split_O3;coreutils3_stat_O0;coreutils3_stat_O1;coreutils3_stat_O2;coreutils3_stat_O3;coreutils3_tee_O0;coreutils3_tee_O1;coreutils3_tee_O2;coreutils3_tee_O3;coreutils3_touch_O0;coreutils3_touch_O1;coreutils3_touch_O2;coreutils3_touch_O3;coreutils3_yes_O0;coreutils3_yes_O1;coreutils3_yes_O2;coreutils3_yes_O3
coreutils4	124	31	O0,O1,O2,O3	186	0	local_main,wulver	124	coreutils4_basename_O0;coreutils4_basename_O1;coreutils4_basename_O2;coreutils4_basename_O3;coreutils4_date_O0;coreutils4_date_O1;coreutils4_date_O2;coreutils4_date_O3;coreutils4_echo_O0;coreutils4_echo_O1;coreutils4_echo_O2;coreutils4_echo_O3;coreutils4_factor_O0;coreutils4_factor_O1;coreutils4_factor_O2;coreutils4_factor_O3;coreutils4_groups_O0;coreutils4_groups_O1;coreutils4_groups_O2;coreutils4_groups_O3;coreutils4_hostid_O0;coreutils4_hostid_O1;coreutils4_hostid_O2;coreutils4_hostid_O3;coreutils4_logname_O0;coreutils4_logname_O1;coreutils4_logname_O2;coreutils4_logname_O3;coreutils4_mkfifo_O0;coreutils4_mkfifo_O1;coreutils4_mkfifo_O2;coreutils4_mkfifo_O3;coreutils4_numfmt_O0;coreutils4_numfmt_O1;coreutils4_numfmt_O2;coreutils4_numfmt_O3;coreutils4_pr_O0;coreutils4_pr_O1;coreutils4_pr_O2;coreutils4_pr_O3;coreutils4_printenv_O0;coreutils4_printenv_O1;coreutils4_printenv_O2;coreutils4_printenv_O3;coreutils4_printf_O0;coreutils4_printf_O1;coreutils4_printf_O2;coreutils4_printf_O3;coreutils4_pwd_O0;coreutils4_pwd_O1;coreutils4_pwd_O2;coreutils4_pwd_O3;coreutils4_readlink_O0;coreutils4_readlink_O1;coreutils4_readlink_O2;coreutils4_readlink_O3;coreutils4_rmdir_O0;coreutils4_rmdir_O1;coreutils4_rmdir_O2;coreutils4_rmdir_O3;coreutils4_sha1sum_O0;coreutils4_sha1sum_O1;coreutils4_sha1sum_O2;coreutils4_sha1sum_O3;coreutils4_sha512sum_O0;coreutils4_sha512sum_O1;coreutils4_sha512sum_O2;coreutils4_sha512sum_O3;coreutils4_shuf_O0;coreutils4_shuf_O1;coreutils4_shuf_O2;coreutils4_shuf_O3;coreutils4_sleep_O0;coreutils4_sleep_O1;coreutils4_sleep_O2;coreutils4_sleep_O3;coreutils4_sum_O0;coreutils4_sum_O1;coreutils4_sum_O2;coreutils4_sum_O3;coreutils4_tac_O0;coreutils4_tac_O1;coreutils4_tac_O2;coreutils4_tac_O3;coreutils4_timeout_O0;coreutils4_timeout_O1;coreutils4_timeout_O2;coreutils4_timeout_O3;coreutils4_truncate_O0;coreutils4_truncate_O1;coreutils4_truncate_O2;coreutils4_truncate_O3;coreutils4_tty_O0;coreutils4_tty_O1;coreutils4_tty_O2;coreutils4_tty_O3;coreutils4_uname_O0;coreutils4_uname_O1;coreutils4_uname_O2;coreutils4_uname_O3;coreutils4_unexpand_O0;coreutils4_unexpand_O1;coreutils4_unexpand_O2;coreutils4_unexpand_O3;coreutils4_unlink_O0;coreutils4_unlink_O1;coreutils4_unlink_O2;coreutils4_unlink_O3;coreutils4_uptime_O0;coreutils4_uptime_O1;coreutils4_uptime_O2;coreutils4_uptime_O3;coreutils4_users_O0;coreutils4_users_O1;coreutils4_users_O2;coreutils4_users_O3;coreutils4_who_O0;coreutils4_who_O1;coreutils4_who_O2;coreutils4_who_O3;coreutils4_whoami_O0;coreutils4_whoami_O1;coreutils4_whoami_O2;coreutils4_whoami_O3
cpio	5	1	O0,O1,O2,O3,default	10	1	local_main,wulver	4	cpio_cpio;cpio_cpio_O0;cpio_cpio_O1;cpio_cpio_O2;cpio_cpio_O3
cppi	4	1	O0,O1,O2,O3	6	0	local_main,wulver	4	cppi_cppi_O0;cppi_cppi_O1;cppi_cppi_O2;cppi_cppi_O3
csplit2	4	1	O0,O1,O2,O3	6	0	local_main,wulver	4	csplit2_cflow_O0;csplit2_cflow_O1;csplit2_cflow_O2;csplit2_cflow_O3
curl	4	1	O0,O1,O2,O3	6	0	local_main,wulver	4	curl_curl_O0;curl_curl_O1;curl_curl_O2;curl_curl_O3
cvs	4	1	O0,O1,O2,O3	0	0	local_main,wulver	0	cvs_cvs_O0;cvs_cvs_O1;cvs_cvs_O2;cvs_cvs_O3
dash	8	2	O0,O1,O2,O3	6	0	clang_o1o3,local_main,local_main:cross_project,wulver	4	dash_dash_O0;dash_dash_O1;dash_dash_O2;dash_dash_O3;dash_dash_clang_O0;dash_dash_clang_O1;dash_dash_clang_O2;dash_dash_clang_O3
datamash	8	2	O0,O1,O2,O3	6	3	clang_train,local_main,wulver	6	datamash_datamash_O0;datamash_datamash_O1;datamash_datamash_O2;datamash_datamash_O3;datamash_datamash_clang_O0;datamash_datamash_clang_O1;datamash_datamash_clang_O2;datamash_datamash_clang_O3
dico	2	1	O0,O2	0	0	local_main,wulver	0	dico_dico_O0;dico_dico_O2
diffutils	20	4	O0,O1,O2,O3,default	0	0	local_main,wulver	0	diffutils_cmp;diffutils_cmp_O0;diffutils_cmp_O1;diffutils_cmp_O2;diffutils_cmp_O3;diffutils_diff;diffutils_diff3;diffutils_diff3_O0;diffutils_diff3_O1;diffutils_diff3_O2;diffutils_diff3_O3;diffutils_diff_O0;diffutils_diff_O1;diffutils_diff_O2;diffutils_diff_O3;diffutils_sdiff;diffutils_sdiff_O0;diffutils_sdiff_O1;diffutils_sdiff_O2;diffutils_sdiff_O3
diffutils2	16	4	O0,O1,O2,O3	24	0	local_main,wulver	16	diffutils2_cmp_O0;diffutils2_cmp_O1;diffutils2_cmp_O2;diffutils2_cmp_O3;diffutils2_diff3_O0;diffutils2_diff3_O1;diffutils2_diff3_O2;diffutils2_diff3_O3;diffutils2_diff_O0;diffutils2_diff_O1;diffutils2_diff_O2;diffutils2_diff_O3;diffutils2_sdiff_O0;diffutils2_sdiff_O1;diffutils2_sdiff_O2;diffutils2_sdiff_O3
diffutils3	1	1	O2	0	0	local_main:cross_project	0	diffutils3_diff_O2
direvent	4	1	O0,O1,O2,O3	6	0	local_main,wulver	4	direvent_direvent_O0;direvent_direvent_O1;direvent_direvent_O2;direvent_direvent_O3
dos2unix	8	2	O0,O1,O2,O3	12	0	local_main,wulver	8	dos2unix_dos2unix_O0;dos2unix_dos2unix_O1;dos2unix_dos2unix_O2;dos2unix_dos2unix_O3;dos2unix_unix2dos_O0;dos2unix_unix2dos_O1;dos2unix_unix2dos_O2;dos2unix_unix2dos_O3
dropbear	6	3	O0,O2	3	0	local_main,wulver	0	dropbear_dbclient_O0;dropbear_dbclient_O2;dropbear_dropbear_O0;dropbear_dropbear_O2;dropbear_dropbearkey_O0;dropbear_dropbearkey_O2
ed	4	1	O0,O1,O2,O3	6	0	local_main,wulver	4	ed_ed_O0;ed_ed_O1;ed_ed_O2;ed_ed_O3
enscript	5	1	O0,O1,O2,O3,default	10	0	local_main,wulver	5	enscript_enscript;enscript_enscript_O0;enscript_enscript_O1;enscript_enscript_O2;enscript_enscript_O3
entr	1	1	O2	0	0	local_main:cross_project	0	entr_entr_O2
expat	8	2	O0,O1,O2,O3	6	0	clang_train,ftdomains,local_main,wulver	8	expat_xmlwf_O0;expat_xmlwf_O1;expat_xmlwf_O2;expat_xmlwf_O3;expat_xmlwf_clang_O0;expat_xmlwf_clang_O1;expat_xmlwf_clang_O2;expat_xmlwf_clang_O3
file	1	1	O2	0	0	local_main:cross_project	0	file_file_O2
findutils	18	4	O0,O1,O2,O3,default	20	1	clang_train,local_main,wulver	17	findutils_find;findutils_find_O0;findutils_find_O1;findutils_find_O2;findutils_find_O3;findutils_find_clang_O0;findutils_find_clang_O1;findutils_find_clang_O2;findutils_find_clang_O3;findutils_xargs;findutils_xargs_O0;findutils_xargs_O1;findutils_xargs_O2;findutils_xargs_O3;findutils_xargs_clang_O0;findutils_xargs_clang_O1;findutils_xargs_clang_O2;findutils_xargs_clang_O3
findutils2	8	2	O0,O1,O2,O3	0	0	wulver	0	findutils2_find_O0;findutils2_find_O1;findutils2_find_O2;findutils2_find_O3;findutils2_xargs_O0;findutils2_xargs_O1;findutils2_xargs_O2;findutils2_xargs_O3
flex	5	1	O0,O1,O2,O3,default	10	1	local_main,wulver	4	flex_flex;flex_flex_O0;flex_flex_O1;flex_flex_O2;flex_flex_O3
fossil	4	1	O0,O1,O2,O3	0	0	local_main,wulver	0	fossil_fossil_O0;fossil_fossil_O1;fossil_fossil_O2;fossil_fossil_O3
gawk	9	2	O0,O1,O2,O3,default	10	0	clang_train,local_main,wulver	9	gawk_gawk;gawk_gawk_O0;gawk_gawk_O1;gawk_gawk_O2;gawk_gawk_O3;gawk_gawk_clang_O0;gawk_gawk_clang_O1;gawk_gawk_clang_O2;gawk_gawk_clang_O3
gawk2	4	1	O0,O1,O2,O3	0	0	wulver	0	gawk2_gawk_O0;gawk2_gawk_O1;gawk2_gawk_O2;gawk2_gawk_O3
gdbm	12	3	O0,O1,O2,O3	0	0	local_main:_p0_0_6_round2,wulver	12	gdbm_gdbm_dump_O0;gdbm_gdbm_dump_O1;gdbm_gdbm_dump_O2;gdbm_gdbm_dump_O3;gdbm_gdbm_load_O0;gdbm_gdbm_load_O1;gdbm_gdbm_load_O2;gdbm_gdbm_load_O3;gdbm_gdbmtool_O0;gdbm_gdbmtool_O1;gdbm_gdbmtool_O2;gdbm_gdbmtool_O3
gettext	24	6	O0,O1,O2,O3	18	0	clang_o1o3,local_main,local_main:cross_project,wulver	12	gettext_msgfmt_O0;gettext_msgfmt_O1;gettext_msgfmt_O2;gettext_msgfmt_O3;gettext_msgfmt_clang_O0;gettext_msgfmt_clang_O1;gettext_msgfmt_clang_O2;gettext_msgfmt_clang_O3;gettext_msgmerge_O0;gettext_msgmerge_O1;gettext_msgmerge_O2;gettext_msgmerge_O3;gettext_msgmerge_clang_O0;gettext_msgmerge_clang_O1;gettext_msgmerge_clang_O2;gettext_msgmerge_clang_O3;gettext_xgettext_O0;gettext_xgettext_O1;gettext_xgettext_O2;gettext_xgettext_O3;gettext_xgettext_clang_O0;gettext_xgettext_clang_O1;gettext_xgettext_clang_O2;gettext_xgettext_clang_O3
gnuchess	4	1	O0,O1,O2,O3	6	1	local_main,wulver	3	gnuchess_gnuchess_O0;gnuchess_gnuchess_O1;gnuchess_gnuchess_O2;gnuchess_gnuchess_O3
gperf	5	1	O0,O1,O2,O3,default	10	3	local_main,wulver	3	gperf_gperf;gperf_gperf_O0;gperf_gperf_O1;gperf_gperf_O2;gperf_gperf_O3
gperf2	1	1	O2	0	0	local_main:cross_project	0	gperf2_gperf_O2
grep	13	3	O0,O1,O2,O3,default	6	0	clang_train,local_main,local_main:cross_project,wulver	8	grep_clang_O0;grep_clang_O1;grep_clang_O2;grep_clang_O3;grep_grep;grep_grep_O0;grep_grep_O1;grep_grep_O2;grep_grep_O3;grep_grep_clang_O0;grep_grep_clang_O1;grep_grep_clang_O2;grep_grep_clang_O3
grep2	4	1	O0,O1,O2,O3	0	0	wulver	0	grep2_grep_O0;grep2_grep_O1;grep2_grep_O2;grep2_grep_O3
groff	28	7	O0,O1,O2,O3	42	11	local_main,wulver	17	groff_eqn_O0;groff_eqn_O1;groff_eqn_O2;groff_eqn_O3;groff_groff_O0;groff_groff_O1;groff_groff_O2;groff_groff_O3;groff_pic_O0;groff_pic_O1;groff_pic_O2;groff_pic_O3;groff_refer_O0;groff_refer_O1;groff_refer_O2;groff_refer_O3;groff_soelim_O0;groff_soelim_O1;groff_soelim_O2;groff_soelim_O3;groff_tbl_O0;groff_tbl_O1;groff_tbl_O2;groff_tbl_O3;groff_troff_O0;groff_troff_O1;groff_troff_O2;groff_troff_O3
gzip	9	2	O0,O1,O2,O3,default	10	0	clang_train,local_main,wulver	9	gzip_gzip;gzip_gzip_O0;gzip_gzip_O1;gzip_gzip_O2;gzip_gzip_O3;gzip_gzip_clang_O0;gzip_gzip_clang_O1;gzip_gzip_clang_O2;gzip_gzip_clang_O3
gzip2	4	1	O0,O1,O2,O3	0	0	wulver	0	gzip2_gzip_O0;gzip2_gzip_O1;gzip2_gzip_O2;gzip2_gzip_O3
hello	4	1	O0,O1,O2,O3	6	3	local_main,wulver	2	hello_hello_O0;hello_hello_O1;hello_hello_O2;hello_hello_O3
htop	4	1	O0,O1,O2,O3	6	0	local_main,wulver	4	htop_htop_O0;htop_htop_O1;htop_htop_O2;htop_htop_O3
icu	44	11	O0,O1,O2,O3	0	0	local_main:_p0_0_6_round2,wulver	43	icu_derb_O0;icu_derb_O1;icu_derb_O2;icu_derb_O3;icu_genbrk_O0;icu_genbrk_O1;icu_genbrk_O2;icu_genbrk_O3;icu_gencfu_O0;icu_gencfu_O1;icu_gencfu_O2;icu_gencfu_O3;icu_gencnval_O0;icu_gencnval_O1;icu_gencnval_O2;icu_gencnval_O3;icu_gennorm2_O0;icu_gennorm2_O1;icu_gennorm2_O2;icu_gennorm2_O3;icu_genrb_O0;icu_genrb_O1;icu_genrb_O2;icu_genrb_O3;icu_gensprep_O0;icu_gensprep_O1;icu_gensprep_O2;icu_gensprep_O3;icu_icuinfo_O0;icu_icuinfo_O1;icu_icuinfo_O2;icu_icuinfo_O3;icu_icupkg_O0;icu_icupkg_O1;icu_icupkg_O2;icu_icupkg_O3;icu_makeconv_O0;icu_makeconv_O1;icu_makeconv_O2;icu_makeconv_O3;icu_pkgdata_O0;icu_pkgdata_O1;icu_pkgdata_O2;icu_pkgdata_O3
indent	4	1	O0,O1,O2,O3	6	0	local_main,wulver	4	indent_indent_O0;indent_indent_O1;indent_indent_O2;indent_indent_O3
inetutils	35	8	O0,O1,O2,O3,default	36	3	clang_train,local_main,wulver	32	inetutils_ftp;inetutils_ftp_O0;inetutils_ftp_O1;inetutils_ftp_O2;inetutils_ftp_O3;inetutils_ftp_clang_O0;inetutils_ftp_clang_O1;inetutils_ftp_clang_O2;inetutils_ftp_clang_O3;inetutils_ping;inetutils_ping_O0;inetutils_ping_O1;inetutils_ping_O2;inetutils_ping_O3;inetutils_ping_clang_O0;inetutils_ping_clang_O1;inetutils_ping_clang_O2;inetutils_ping_clang_O3;inetutils_telnet;inetutils_telnet_O0;inetutils_telnet_O1;inetutils_telnet_O2;inetutils_telnet_O3;inetutils_telnet_clang_O0;inetutils_telnet_clang_O1;inetutils_telnet_clang_O2;inetutils_telnet_clang_O3;inetutils_traceroute_O0;inetutils_traceroute_O1;inetutils_traceroute_O2;inetutils_traceroute_O3;inetutils_traceroute_clang_O0;inetutils_traceroute_clang_O1;inetutils_traceroute_clang_O2;inetutils_traceroute_clang_O3
inetutils2	12	3	O0,O1,O2,O3	18	0	local_main,wulver	12	inetutils2_dnsdomainname_O0;inetutils2_dnsdomainname_O1;inetutils2_dnsdomainname_O2;inetutils2_dnsdomainname_O3;inetutils2_hostname_O0;inetutils2_hostname_O1;inetutils2_hostname_O2;inetutils2_hostname_O3;inetutils2_logger_O0;inetutils2_logger_O1;inetutils2_logger_O2;inetutils2_logger_O3
iotop	4	1	O0,O1,O2,O3	0	0	local_main:_p0_0_6_round3,wulver	4	iotop_iotop_O0;iotop_iotop_O1;iotop_iotop_O2;iotop_iotop_O3
jansson	30	8	O0,O1,O2,O3	0	0	ftdomains2,local_main,wulver	0	jansson_array_O0;jansson_array_O1;jansson_array_O2;jansson_array_O3;jansson_dump_O0;jansson_dump_O1;jansson_dump_O2;jansson_dump_O3;jansson_libjansson.a_O0;jansson_libjansson.a_O2;jansson_load_O0;jansson_load_O1;jansson_load_O2;jansson_load_O3;jansson_object_O0;jansson_object_O1;jansson_object_O2;jansson_object_O3;jansson_pack_O0;jansson_pack_O1;jansson_pack_O2;jansson_pack_O3;jansson_simple_O0;jansson_simple_O1;jansson_simple_O2;jansson_simple_O3;jansson_unpack_O0;jansson_unpack_O1;jansson_unpack_O2;jansson_unpack_O3
jq	4	1	O0,O1,O2,O3	6	1	local_main,wulver	3	jq_jq_O0;jq_jq_O1;jq_jq_O2;jq_jq_O3
less	27	6	O0,O1,O2,O3,default	30	0	clang_train,local_main,wulver	27	less_less;less_less_O0;less_less_O1;less_less_O2;less_less_O3;less_less_clang_O0;less_less_clang_O1;less_less_clang_O2;less_less_clang_O3;less_lessecho;less_lessecho_O0;less_lessecho_O1;less_lessecho_O2;less_lessecho_O3;less_lessecho_clang_O0;less_lessecho_clang_O1;less_lessecho_clang_O2;less_lessecho_clang_O3;less_lesskey;less_lesskey_O0;less_lesskey_O1;less_lesskey_O2;less_lesskey_O3;less_lesskey_clang_O0;less_lesskey_clang_O1;less_lesskey_clang_O2;less_lesskey_clang_O3
libarchive	24	6	O0,O1,O2,O3	18	0	clang_train,local_main,wulver	18	libarchive_bsdcat_O0;libarchive_bsdcat_O1;libarchive_bsdcat_O2;libarchive_bsdcat_O3;libarchive_bsdcat_clang_O0;libarchive_bsdcat_clang_O1;libarchive_bsdcat_clang_O2;libarchive_bsdcat_clang_O3;libarchive_bsdcpio_O0;libarchive_bsdcpio_O1;libarchive_bsdcpio_O2;libarchive_bsdcpio_O3;libarchive_bsdcpio_clang_O0;libarchive_bsdcpio_clang_O1;libarchive_bsdcpio_clang_O2;libarchive_bsdcpio_clang_O3;libarchive_bsdtar_O0;libarchive_bsdtar_O1;libarchive_bsdtar_O2;libarchive_bsdtar_O3;libarchive_bsdtar_clang_O0;libarchive_bsdtar_clang_O1;libarchive_bsdtar_clang_O2;libarchive_bsdtar_clang_O3
libpng	4	1	O0,O1,O2,O3	6	0	local_main,wulver	2	libpng_pngtest_O0;libpng_pngtest_O1;libpng_pngtest_O2;libpng_pngtest_O3
libsodium	50	15	O0,O1,O2,O3	5	0	clang_train,ftdomains,local_main,wulver	20	libsodium_aead_aegis128l_O0;libsodium_aead_aegis128l_O2;libsodium_box_O0;libsodium_box_O1;libsodium_box_O2;libsodium_box_O3;libsodium_box_clang_O0;libsodium_box_clang_O1;libsodium_box_clang_O2;libsodium_box_clang_O3;libsodium_generichash_O0;libsodium_generichash_O1;libsodium_generichash_O2;libsodium_generichash_O3;libsodium_generichash_clang_O0;libsodium_generichash_clang_O1;libsodium_generichash_clang_O2;libsodium_generichash_clang_O3;libsodium_hash_O0;libsodium_hash_O2;libsodium_keygen_O0;libsodium_keygen_O2;libsodium_onetimeauth_O0;libsodium_onetimeauth_O1;libsodium_onetimeauth_O2;libsodium_onetimeauth_O3;libsodium_onetimeauth_clang_O0;libsodium_onetimeauth_clang_O1;libsodium_onetimeauth_clang_O2;libsodium_onetimeauth_clang_O3;libsodium_pwhash_scrypt_O0;libsodium_pwhash_scrypt_O2;libsodium_scalarmult_ed25519_O0;libsodium_scalarmult_ed25519_O2;libsodium_secretbox_O0;libsodium_secretbox_O1;libsodium_secretbox_O2;libsodium_secretbox_O3;libsodium_secretbox_clang_O0;libsodium_secretbox_clang_O1;libsodium_secretbox_clang_O2;libsodium_secretbox_clang_O3;libsodium_sign_O0;libsodium_sign_O1;libsodium_sign_O2;libsodium_sign_O3;libsodium_sign_clang_O0;libsodium_sign_clang_O1;libsodium_sign_clang_O2;libsodium_sign_clang_O3
libtool	1	1	default	0	0	local_main,wulver	0	libtool_libtool
libxml2	12	3	O0,O1,O2,O3	6	0	clang_train,local_main,local_main:_p0_0_6_xrep,wulver	8	libxml2_xmlcatalog_O0;libxml2_xmlcatalog_O1;libxml2_xmlcatalog_O2;libxml2_xmlcatalog_O3;libxml2_xmllint_O0;libxml2_xmllint_O1;libxml2_xmllint_O2;libxml2_xmllint_O3;libxml2_xmllint_clang_O0;libxml2_xmllint_clang_O1;libxml2_xmllint_clang_O2;libxml2_xmllint_clang_O3
libyaml	8	2	O0,O1,O2,O3	12	1	local_main,wulver	3	libyaml_run-emitter_O0;libyaml_run-emitter_O1;libyaml_run-emitter_O2;libyaml_run-emitter_O3;libyaml_run-parser_O0;libyaml_run-parser_O1;libyaml_run-parser_O2;libyaml_run-parser_O3
lighttpd	4	1	O0,O1,O2,O3	0	0	local_main,wulver	0	lighttpd_lighttpd_O0;lighttpd_lighttpd_O1;lighttpd_lighttpd_O2;lighttpd_lighttpd_O3
lmdb	16	4	O0,O1,O2,O3	0	0	ftdomains2	0	lmdb_copy_O0;lmdb_copy_O1;lmdb_copy_O2;lmdb_copy_O3;lmdb_dump_O0;lmdb_dump_O1;lmdb_dump_O2;lmdb_dump_O3;lmdb_load_O0;lmdb_load_O1;lmdb_load_O2;lmdb_load_O3;lmdb_stat_O0;lmdb_stat_O1;lmdb_stat_O2;lmdb_stat_O3
lsof	4	1	O0,O1,O2,O3	0	0	local_main:_p0_0_6_siblings,wulver	4	lsof_lsof_O0;lsof_lsof_O1;lsof_lsof_O2;lsof_lsof_O3
lua	8	2	O0,O1,O2,O3	12	0	local_main,wulver	8	lua_lua_O0;lua_lua_O1;lua_lua_O2;lua_lua_O3;lua_luac_O0;lua_luac_O1;lua_luac_O2;lua_luac_O3
lz4	8	2	O0,O1,O2,O3	6	0	clang_train,local_main,wulver	8	lz4_lz4_O0;lz4_lz4_O1;lz4_lz4_O2;lz4_lz4_O3;lz4_lz4_clang_O0;lz4_lz4_clang_O1;lz4_lz4_clang_O2;lz4_lz4_clang_O3
m4	9	2	O0,O1,O2,O3,default	10	0	clang_train,local_main,wulver	9	m4_m4;m4_m4_O0;m4_m4_O1;m4_m4_O2;m4_m4_O3;m4_m4_clang_O0;m4_m4_clang_O1;m4_m4_clang_O2;m4_m4_clang_O3
mailutils	8	4	O0,O2	4	4	local_main,wulver	4	mailutils_frm_O0;mailutils_frm_O2;mailutils_mail_O0;mailutils_mail_O2;mailutils_messages_O0;mailutils_messages_O2;mailutils_readmsg_O0;mailutils_readmsg_O2
make	9	2	O0,O1,O2,O3,default	10	0	clang_train,local_main,wulver	9	make_make;make_make_O0;make_make_O1;make_make_O2;make_make_O3;make_make_clang_O0;make_make_clang_O1;make_make_clang_O2;make_make_clang_O3
mawk	1	1	O2	0	0	local_main:cross_project	0	mawk_mawk_O2
mbedtls	20	5	O0,O1,O2,O3	0	0	ftdomains	0	mbedtls_cert_write_O0;mbedtls_cert_write_O1;mbedtls_cert_write_O2;mbedtls_cert_write_O3;mbedtls_crypt_and_hash_O0;mbedtls_crypt_and_hash_O1;mbedtls_crypt_and_hash_O2;mbedtls_crypt_and_hash_O3;mbedtls_gen_key_O0;mbedtls_gen_key_O1;mbedtls_gen_key_O2;mbedtls_gen_key_O3;mbedtls_ssl_client1_O0;mbedtls_ssl_client1_O1;mbedtls_ssl_client1_O2;mbedtls_ssl_client1_O3;mbedtls_ssl_server2_O0;mbedtls_ssl_server2_O1;mbedtls_ssl_server2_O2;mbedtls_ssl_server2_O3
mksh	4	1	O0,O1,O2,O3	0	0	local_main:_p0_0_6_siblings,wulver	4	mksh_mksh_O0;mksh_mksh_O1;mksh_mksh_O2;mksh_mksh_O3
mutt	8	2	O0,O1,O2,O3	0	0	local_main:_p0_0_6_xrep,wulver	0	mutt_mutt_O0;mutt_mutt_O1;mutt_mutt_O2;mutt_mutt_O3;mutt_mutt_dotlock_O0;mutt_mutt_dotlock_O1;mutt_mutt_dotlock_O2;mutt_mutt_dotlock_O3
nano	1	1	default	0	0	local_main,wulver	1	nano_nano
nettle	8	2	O0,O1,O2,O3	12	0	local_main,wulver	8	nettle_nettle-hash_O0;nettle_nettle-hash_O1;nettle_nettle-hash_O2;nettle_nettle-hash_O3;nettle_sexp-conv_O0;nettle_sexp-conv_O1;nettle_sexp-conv_O2;nettle_sexp-conv_O3
nginx	2	1	O0,O2	1	0	local_main,local_main:cross_project,wulver	2	nginx_nginx_O0;nginx_nginx_O2
nginx114	2	1	O0,O2	0	0	wulver	0	nginx114_nginx114_O0;nginx114_nginx114_O2
nginx118	6	2	O0,O1,O2,O3	0	0	clang_o1o3,local_main,local_main:cross_project,wulver	0	nginx118_nginx118_O0;nginx118_nginx118_O1;nginx118_nginx118_O2;nginx118_nginx118_O3;nginx118_nginx_clang_O1;nginx118_nginx_clang_O3
nginx126	2	1	O0,O2	0	0	wulver	0	nginx126_nginx126_O0;nginx126_nginx126_O2
openresty	4	1	O0,O1,O2,O3	0	0	wulver	0	openresty_nginx_O0;openresty_nginx_O1;openresty_nginx_O2;openresty_nginx_O3
openssl	4	1	O0,O1,O2,O3	0	0	local_main,wulver	0	openssl_openssl_O0;openssl_openssl_O1;openssl_openssl_O2;openssl_openssl_O3
patch	9	2	O0,O1,O2,O3,default	10	0	clang_train,local_main,wulver	9	patch_patch;patch_patch_O0;patch_patch_O1;patch_patch_O2;patch_patch_O3;patch_patch_clang_O0;patch_patch_clang_O1;patch_patch_clang_O2;patch_patch_clang_O3
patch2	4	1	O0,O1,O2,O3	0	0	wulver	0	patch2_patch_O0;patch2_patch_O1;patch2_patch_O2;patch2_patch_O3
pcre2	16	4	O0,O1,O2,O3	12	1	clang_train,local_main,wulver	11	pcre2_pcre2grep_O0;pcre2_pcre2grep_O1;pcre2_pcre2grep_O2;pcre2_pcre2grep_O3;pcre2_pcre2grep_clang_O0;pcre2_pcre2grep_clang_O1;pcre2_pcre2grep_clang_O2;pcre2_pcre2grep_clang_O3;pcre2_pcre2test_O0;pcre2_pcre2test_O1;pcre2_pcre2test_O2;pcre2_pcre2test_O3;pcre2_pcre2test_clang_O0;pcre2_pcre2test_clang_O1;pcre2_pcre2test_clang_O2;pcre2_pcre2test_clang_O3
pigz	2	1	O0,O2	1	0	local_main,wulver	0	pigz_pigz_O0;pigz_pigz_O2
plotutils	28	7	O0,O1,O2,O3	42	0	local_main,wulver	28	plotutils_double_O0;plotutils_double_O1;plotutils_double_O2;plotutils_double_O3;plotutils_graph_O0;plotutils_graph_O1;plotutils_graph_O2;plotutils_graph_O3;plotutils_ode_O0;plotutils_ode_O1;plotutils_ode_O2;plotutils_ode_O3;plotutils_plot_O0;plotutils_plot_O1;plotutils_plot_O2;plotutils_plot_O3;plotutils_plotfont_O0;plotutils_plotfont_O1;plotutils_plotfont_O2;plotutils_plotfont_O3;plotutils_spline_O0;plotutils_spline_O1;plotutils_spline_O2;plotutils_spline_O3;plotutils_tek2plot_O0;plotutils_tek2plot_O1;plotutils_tek2plot_O2;plotutils_tek2plot_O3
procps	8	2	O0,O1,O2,O3	0	0	local_main:_p0_0_6_siblings,wulver	8	procps_kill_O0;procps_kill_O1;procps_kill_O2;procps_kill_O3;procps_sysctl_O0;procps_sysctl_O1;procps_sysctl_O2;procps_sysctl_O3
psmisc	32	8	O0,O1,O2,O3	24	0	clang_o1o3,local_main,local_main:cross_project,wulver	16	psmisc_killall_O0;psmisc_killall_O1;psmisc_killall_O2;psmisc_killall_O3;psmisc_killall_clang_O0;psmisc_killall_clang_O1;psmisc_killall_clang_O2;psmisc_killall_clang_O3;psmisc_peekfd_O0;psmisc_peekfd_O1;psmisc_peekfd_O2;psmisc_peekfd_O3;psmisc_peekfd_clang_O0;psmisc_peekfd_clang_O1;psmisc_peekfd_clang_O2;psmisc_peekfd_clang_O3;psmisc_prtstat_O0;psmisc_prtstat_O1;psmisc_prtstat_O2;psmisc_prtstat_O3;psmisc_prtstat_clang_O0;psmisc_prtstat_clang_O1;psmisc_prtstat_clang_O2;psmisc_prtstat_clang_O3;psmisc_pstree_O0;psmisc_pstree_O1;psmisc_pstree_O2;psmisc_pstree_O3;psmisc_pstree_clang_O0;psmisc_pstree_clang_O1;psmisc_pstree_clang_O2;psmisc_pstree_clang_O3
pv	1	1	O2	0	0	local_main:cross_project	0	pv_pv_O2
rcs	4	1	O0,O1,O2,O3	6	0	local_main,wulver	4	rcs_rcs_O0;rcs_rcs_O1;rcs_rcs_O2;rcs_rcs_O3
recutils	44	13	O0,O1,O2,O3	0	0	clang_o1o3,local_main,local_main:cross_project,wulver	0	recutils_csv2rec_O0;recutils_csv2rec_O1;recutils_csv2rec_O2;recutils_csv2rec_O3;recutils_rec2csv_O0;recutils_rec2csv_O1;recutils_rec2csv_O2;recutils_rec2csv_O3;recutils_recdel_O0;recutils_recdel_O1;recutils_recdel_O2;recutils_recdel_O3;recutils_recfix_O0;recutils_recfix_O1;recutils_recfix_O2;recutils_recfix_O3;recutils_recfix_clang_O1;recutils_recfix_clang_O3;recutils_recfmt_O0;recutils_recfmt_O1;recutils_recfmt_O2;recutils_recfmt_O3;recutils_recfmt_clang_O1;recutils_recfmt_clang_O3;recutils_recinf_O0;recutils_recinf_O1;recutils_recinf_O2;recutils_recinf_O3;recutils_recinf_clang_O1;recutils_recinf_clang_O3;recutils_recins_O0;recutils_recins_O1;recutils_recins_O2;recutils_recins_O3;recutils_recsel_O0;recutils_recsel_O1;recutils_recsel_O2;recutils_recsel_O3;recutils_recsel_clang_O1;recutils_recsel_clang_O3;recutils_recset_O0;recutils_recset_O1;recutils_recset_O2;recutils_recset_O3
rsync	2	1	O0,O2	1	0	local_main,wulver	0	rsync_rsync_O0;rsync_rsync_O2
rush	4	1	O0,O1,O2,O3	6	0	local_main,wulver	4	rush_rush_O0;rush_rush_O1;rush_rush_O2;rush_rush_O3
sbase	18	18	O2	0	0	local_main:cross_project	0	sbase_cat_O2;sbase_cut_O2;sbase_echo_O2;sbase_false_O2;sbase_grep_O2;sbase_head_O2;sbase_ls_O2;sbase_pwd_O2;sbase_sed_O2;sbase_sort_O2;sbase_tail_O2;sbase_tee_O2;sbase_tr_O2;sbase_true_O2;sbase_uniq_O2;sbase_wc_O2;sbase_which_O2;sbase_yes_O2
screen	5	1	O0,O1,O2,O3,default	10	0	local_main,wulver	5	screen_screen;screen_screen_O0;screen_screen_O1;screen_screen_O2;screen_screen_O3
sed	13	3	O0,O1,O2,O3,default	6	0	clang_train,local_main,local_main:cross_project,wulver	8	sed_clang_O0;sed_clang_O1;sed_clang_O2;sed_clang_O3;sed_sed;sed_sed_O0;sed_sed_O1;sed_sed_O2;sed_sed_O3;sed_sed_clang_O0;sed_sed_clang_O1;sed_sed_clang_O2;sed_sed_clang_O3
sed2	4	1	O0,O1,O2,O3	0	0	wulver	0	sed2_sed_O0;sed2_sed_O1;sed2_sed_O2;sed2_sed_O3
socat	2	1	O0,O2	1	0	local_main,wulver	0	socat_socat_O0;socat_socat_O2
spell	4	1	O0,O1,O2,O3	6	0	local_main,wulver	4	spell_spell_O0;spell_spell_O1;spell_spell_O2;spell_spell_O3
sqlite	4	1	O0,O1,O2,O3	6	0	local_main,wulver	4	sqlite_sqlite3_O0;sqlite_sqlite3_O1;sqlite_sqlite3_O2;sqlite_sqlite3_O3
strace	4	1	O0,O1,O2,O3	6	1	local_main,wulver	3	strace_strace_O0;strace_strace_O1;strace_strace_O2;strace_strace_O3
sysstat	28	7	O0,O1,O2,O3	0	0	local_main:_p0_0_6_round3,wulver	28	sysstat_cifsiostat_O0;sysstat_cifsiostat_O1;sysstat_cifsiostat_O2;sysstat_cifsiostat_O3;sysstat_iostat_O0;sysstat_iostat_O1;sysstat_iostat_O2;sysstat_iostat_O3;sysstat_mpstat_O0;sysstat_mpstat_O1;sysstat_mpstat_O2;sysstat_mpstat_O3;sysstat_pidstat_O0;sysstat_pidstat_O1;sysstat_pidstat_O2;sysstat_pidstat_O3;sysstat_sadf_O0;sysstat_sadf_O1;sysstat_sadf_O2;sysstat_sadf_O3;sysstat_sar_O0;sysstat_sar_O1;sysstat_sar_O2;sysstat_sar_O3;sysstat_tapestat_O0;sysstat_tapestat_O1;sysstat_tapestat_O2;sysstat_tapestat_O3
tar	9	2	O0,O1,O2,O3,default	10	0	clang_train,local_main,wulver	9	tar_tar;tar_tar_O0;tar_tar_O1;tar_tar_O2;tar_tar_O3;tar_tar_clang_O0;tar_tar_clang_O1;tar_tar_clang_O2;tar_tar_clang_O3
tar2	4	1	O0,O1,O2,O3	0	0	wulver	0	tar2_tar_O0;tar2_tar_O1;tar2_tar_O2;tar2_tar_O3
tcsh	4	1	O0,O1,O2,O3	0	0	local_main:_p0_0_6_round2,local_main:cross_project,wulver	4	tcsh_tcsh_O0;tcsh_tcsh_O1;tcsh_tcsh_O2;tcsh_tcsh_O3
tdb	16	4	O0,O1,O2,O3	0	0	local_main:_p0_0_6_round2,wulver	16	tdb_tdbbackup_O0;tdb_tdbbackup_O1;tdb_tdbbackup_O2;tdb_tdbbackup_O3;tdb_tdbdump_O0;tdb_tdbdump_O1;tdb_tdbdump_O2;tdb_tdbdump_O3;tdb_tdbrestore_O0;tdb_tdbrestore_O1;tdb_tdbrestore_O2;tdb_tdbrestore_O3;tdb_tdbtool_O0;tdb_tdbtool_O1;tdb_tdbtool_O2;tdb_tdbtool_O3
tengine	4	2	O0,O1,O2,O3	0	0	clang_o1o3,local_main,local_main:cross_project,wulver	0	tengine_nginx_O0;tengine_nginx_O2;tengine_nginx_clang_O1;tengine_nginx_clang_O3
texinfo	8	2	O0,O1,O2,O3	12	1	local_main,wulver	7	texinfo_ginfo_O0;texinfo_ginfo_O1;texinfo_ginfo_O2;texinfo_ginfo_O3;texinfo_ginstall-info_O0;texinfo_ginstall-info_O1;texinfo_ginstall-info_O2;texinfo_ginstall-info_O3
tig	4	1	O0,O1,O2,O3	0	0	local_main:_p0_0_6_xrep,wulver	0	tig_tig_O0;tig_tig_O1;tig_tig_O2;tig_tig_O3
time	5	1	O0,O1,O2,O3,default	10	0	local_main,wulver	5	time_time;time_time_O0;time_time_O1;time_time_O2;time_time_O3
tinycc	4	1	O0,O1,O2,O3	0	0	local_main,wulver	0	tinycc_tcc_O0;tinycc_tcc_O1;tinycc_tcc_O2;tinycc_tcc_O3
tmux	2	1	O0,O2	1	0	local_main,wulver	0	tmux_tmux_O0;tmux_tmux_O2
toybox	1	1	O2	0	0	local_main:cross_project	0	toybox_toybox_O2
tree	4	1	O0,O1,O2,O3	6	0	local_main,wulver	4	tree_tree_O0;tree_tree_O1;tree_tree_O2;tree_tree_O3
units	5	1	O0,O1,O2,O3,default	10	0	local_main,wulver	5	units_units;units_units_O0;units_units_O1;units_units_O2;units_units_O3
units2	4	1	O0,O1,O2,O3	0	0	wulver	0	units2_units_O0;units2_units_O1;units2_units_O2;units2_units_O3
wdiff	4	1	O0,O1,O2,O3	6	0	local_main,wulver	4	wdiff_wdiff_O0;wdiff_wdiff_O1;wdiff_wdiff_O2;wdiff_wdiff_O3
wget	2	1	O0,O2	0	0	local_main,local_main:cross_project,wulver	0	wget_wget_O0;wget_wget_O2
which	5	1	O0,O1,O2,O3,default	10	0	local_main,local_main:cross_project,wulver	5	which_which;which_which_O0;which_which_O1;which_which_O2;which_which_O3
which2	4	1	O0,O1,O2,O3	0	0	wulver	0	which2_which_O0;which2_which_O1;which2_which_O2;which2_which_O3
xz	6	3	O0,O2	3	0	local_main,wulver	0	xz_lzmainfo_O0;xz_lzmainfo_O2;xz_xz_O0;xz_xz_O2;xz_xzdec_O0;xz_xzdec_O2
zlib	16	4	O0,O1,O2,O3	12	0	clang_train,local_main,wulver	16	zlib_example_O0;zlib_example_O1;zlib_example_O2;zlib_example_O3;zlib_example_clang_O0;zlib_example_clang_O1;zlib_example_clang_O2;zlib_example_clang_O3;zlib_minigzip_O0;zlib_minigzip_O1;zlib_minigzip_O2;zlib_minigzip_O3;zlib_minigzip_clang_O0;zlib_minigzip_clang_O1;zlib_minigzip_clang_O2;zlib_minigzip_clang_O3
zsh	4	1	O0,O1,O2,O3	0	0	wulver	0	zsh_zsh_O0;zsh_zsh_O1;zsh_zsh_O2;zsh_zsh_O3
zstd	4	1	O0,O1,O2,O3	0	0	local_main,local_main:_p0_0_6_xrep,wulver	0	zstd_zstd_O0;zstd_zstd_O1;zstd_zstd_O2;zstd_zstd_O3
